[
{
    "model": "admin.logentry",
    "pk": 1,
    "fields": {
        "action_time": "2021-09-29T16:01:18.981Z",
        "user": 1,
        "content_type": 6,
        "object_id": "2",
        "object_repr": "test",
        "action_flag": 3,
        "change_message": ""
    }
},
{
    "model": "admin.logentry",
    "pk": 2,
    "fields": {
        "action_time": "2021-09-29T16:02:27.838Z",
        "user": 1,
        "content_type": 6,
        "object_id": "4",
        "object_repr": "testuser",
        "action_flag": 3,
        "change_message": ""
    }
},
{
    "model": "admin.logentry",
    "pk": 3,
    "fields": {
        "action_time": "2021-09-29T16:02:28.152Z",
        "user": 1,
        "content_type": 6,
        "object_id": "3",
        "object_repr": "test",
        "action_flag": 3,
        "change_message": ""
    }
},
{
    "model": "admin.logentry",
    "pk": 4,
    "fields": {
        "action_time": "2021-09-29T16:02:36.070Z",
        "user": 1,
        "content_type": 3,
        "object_id": "1",
        "object_repr": "admin",
        "action_flag": 1,
        "change_message": "[{\"added\": {}}]"
    }
},
{
    "model": "admin.logentry",
    "pk": 5,
    "fields": {
        "action_time": "2021-09-29T16:02:42.240Z",
        "user": 1,
        "content_type": 3,
        "object_id": "2",
        "object_repr": "customers",
        "action_flag": 1,
        "change_message": "[{\"added\": {}}]"
    }
},
{
    "model": "admin.logentry",
    "pk": 6,
    "fields": {
        "action_time": "2021-09-29T16:03:42.359Z",
        "user": 1,
        "content_type": 6,
        "object_id": "1",
        "object_repr": "admin",
        "action_flag": 2,
        "change_message": "[{\"changed\": {\"fields\": [\"Groups\"]}}]"
    }
},
{
    "model": "admin.logentry",
    "pk": 7,
    "fields": {
        "action_time": "2021-09-29T16:05:07.690Z",
        "user": 1,
        "content_type": 6,
        "object_id": "5",
        "object_repr": "testuser",
        "action_flag": 3,
        "change_message": ""
    }
},
{
    "model": "admin.logentry",
    "pk": 8,
    "fields": {
        "action_time": "2021-09-30T10:20:42.398Z",
        "user": 1,
        "content_type": 8,
        "object_id": "1",
        "object_repr": "Furniture",
        "action_flag": 1,
        "change_message": "[{\"added\": {}}]"
    }
},
{
    "model": "admin.logentry",
    "pk": 9,
    "fields": {
        "action_time": "2021-09-30T10:20:50.084Z",
        "user": 1,
        "content_type": 8,
        "object_id": "2",
        "object_repr": "ElectricAppliances",
        "action_flag": 1,
        "change_message": "[{\"added\": {}}]"
    }
},
{
    "model": "admin.logentry",
    "pk": 10,
    "fields": {
        "action_time": "2021-09-30T10:20:56.961Z",
        "user": 1,
        "content_type": 8,
        "object_id": "3",
        "object_repr": "FitnessEquipment",
        "action_flag": 1,
        "change_message": "[{\"added\": {}}]"
    }
},
{
    "model": "admin.logentry",
    "pk": 11,
    "fields": {
        "action_time": "2021-09-30T10:21:04.166Z",
        "user": 1,
        "content_type": 8,
        "object_id": "4",
        "object_repr": "Crockery",
        "action_flag": 1,
        "change_message": "[{\"added\": {}}]"
    }
},
{
    "model": "admin.logentry",
    "pk": 12,
    "fields": {
        "action_time": "2021-09-30T10:21:34.056Z",
        "user": 1,
        "content_type": 9,
        "object_id": "1",
        "object_repr": "Bed",
        "action_flag": 1,
        "change_message": "[{\"added\": {}}]"
    }
},
{
    "model": "admin.logentry",
    "pk": 13,
    "fields": {
        "action_time": "2021-09-30T10:21:40.911Z",
        "user": 1,
        "content_type": 9,
        "object_id": "2",
        "object_repr": "Sofa",
        "action_flag": 1,
        "change_message": "[{\"added\": {}}]"
    }
},
{
    "model": "admin.logentry",
    "pk": 14,
    "fields": {
        "action_time": "2021-09-30T10:21:50.733Z",
        "user": 1,
        "content_type": 9,
        "object_id": "3",
        "object_repr": "DiningTable",
        "action_flag": 1,
        "change_message": "[{\"added\": {}}]"
    }
},
{
    "model": "admin.logentry",
    "pk": 15,
    "fields": {
        "action_time": "2021-09-30T10:21:58.149Z",
        "user": 1,
        "content_type": 9,
        "object_id": "4",
        "object_repr": "Table",
        "action_flag": 1,
        "change_message": "[{\"added\": {}}]"
    }
},
{
    "model": "admin.logentry",
    "pk": 16,
    "fields": {
        "action_time": "2021-09-30T10:22:05.073Z",
        "user": 1,
        "content_type": 9,
        "object_id": "5",
        "object_repr": "Chairs",
        "action_flag": 1,
        "change_message": "[{\"added\": {}}]"
    }
},
{
    "model": "admin.logentry",
    "pk": 17,
    "fields": {
        "action_time": "2021-09-30T10:22:27.968Z",
        "user": 1,
        "content_type": 9,
        "object_id": "6",
        "object_repr": "Dressing Table",
        "action_flag": 1,
        "change_message": "[{\"added\": {}}]"
    }
},
{
    "model": "admin.logentry",
    "pk": 18,
    "fields": {
        "action_time": "2021-09-30T10:22:33.889Z",
        "user": 1,
        "content_type": 9,
        "object_id": "6",
        "object_repr": "DressingTable",
        "action_flag": 2,
        "change_message": "[{\"changed\": {\"fields\": [\"Sub category\"]}}]"
    }
},
{
    "model": "admin.logentry",
    "pk": 19,
    "fields": {
        "action_time": "2021-09-30T10:22:53.723Z",
        "user": 1,
        "content_type": 9,
        "object_id": "7",
        "object_repr": "AirConditioner",
        "action_flag": 1,
        "change_message": "[{\"added\": {}}]"
    }
},
{
    "model": "admin.logentry",
    "pk": 20,
    "fields": {
        "action_time": "2021-09-30T10:23:02.378Z",
        "user": 1,
        "content_type": 9,
        "object_id": "8",
        "object_repr": "Fan",
        "action_flag": 1,
        "change_message": "[{\"added\": {}}]"
    }
},
{
    "model": "admin.logentry",
    "pk": 21,
    "fields": {
        "action_time": "2021-09-30T10:23:13.097Z",
        "user": 1,
        "content_type": 9,
        "object_id": "9",
        "object_repr": "Room Lights",
        "action_flag": 1,
        "change_message": "[{\"added\": {}}]"
    }
},
{
    "model": "admin.logentry",
    "pk": 22,
    "fields": {
        "action_time": "2021-09-30T10:23:27.012Z",
        "user": 1,
        "content_type": 9,
        "object_id": "10",
        "object_repr": "Microwave",
        "action_flag": 1,
        "change_message": "[{\"added\": {}}]"
    }
},
{
    "model": "admin.logentry",
    "pk": 23,
    "fields": {
        "action_time": "2021-09-30T10:23:37.877Z",
        "user": 1,
        "content_type": 9,
        "object_id": "11",
        "object_repr": "Electric Kettle",
        "action_flag": 1,
        "change_message": "[{\"added\": {}}]"
    }
},
{
    "model": "admin.logentry",
    "pk": 24,
    "fields": {
        "action_time": "2021-09-30T10:23:49.730Z",
        "user": 1,
        "content_type": 9,
        "object_id": "12",
        "object_repr": "Water Dispenser",
        "action_flag": 1,
        "change_message": "[{\"added\": {}}]"
    }
},
{
    "model": "admin.logentry",
    "pk": 25,
    "fields": {
        "action_time": "2021-09-30T10:24:13.128Z",
        "user": 1,
        "content_type": 9,
        "object_id": "13",
        "object_repr": "Tredmill",
        "action_flag": 1,
        "change_message": "[{\"added\": {}}]"
    }
},
{
    "model": "admin.logentry",
    "pk": 26,
    "fields": {
        "action_time": "2021-09-30T10:24:21.423Z",
        "user": 1,
        "content_type": 9,
        "object_id": "14",
        "object_repr": "Rods",
        "action_flag": 1,
        "change_message": "[{\"added\": {}}]"
    }
},
{
    "model": "admin.logentry",
    "pk": 27,
    "fields": {
        "action_time": "2021-09-30T10:24:34.413Z",
        "user": 1,
        "content_type": 9,
        "object_id": "15",
        "object_repr": "CyclingMachine",
        "action_flag": 1,
        "change_message": "[{\"added\": {}}]"
    }
},
{
    "model": "admin.logentry",
    "pk": 28,
    "fields": {
        "action_time": "2021-09-30T10:24:44.146Z",
        "user": 1,
        "content_type": 9,
        "object_id": "16",
        "object_repr": "Weights",
        "action_flag": 1,
        "change_message": "[{\"added\": {}}]"
    }
},
{
    "model": "admin.logentry",
    "pk": 29,
    "fields": {
        "action_time": "2021-09-30T10:25:02.414Z",
        "user": 1,
        "content_type": 9,
        "object_id": "17",
        "object_repr": "Dumbbells",
        "action_flag": 1,
        "change_message": "[{\"added\": {}}]"
    }
},
{
    "model": "admin.logentry",
    "pk": 30,
    "fields": {
        "action_time": "2021-09-30T10:25:36.551Z",
        "user": 1,
        "content_type": 9,
        "object_id": "18",
        "object_repr": "Punching Bag",
        "action_flag": 1,
        "change_message": "[{\"added\": {}}]"
    }
},
{
    "model": "admin.logentry",
    "pk": 31,
    "fields": {
        "action_time": "2021-09-30T10:26:16.634Z",
        "user": 1,
        "content_type": 9,
        "object_id": "19",
        "object_repr": "Excercise Ball",
        "action_flag": 1,
        "change_message": "[{\"added\": {}}]"
    }
},
{
    "model": "admin.logentry",
    "pk": 32,
    "fields": {
        "action_time": "2021-09-30T10:26:38.137Z",
        "user": 1,
        "content_type": 9,
        "object_id": "20",
        "object_repr": "Commando Machine",
        "action_flag": 1,
        "change_message": "[{\"added\": {}}]"
    }
},
{
    "model": "admin.logentry",
    "pk": 33,
    "fields": {
        "action_time": "2021-09-30T10:26:51.701Z",
        "user": 1,
        "content_type": 9,
        "object_id": "21",
        "object_repr": "Butterfly Machine",
        "action_flag": 1,
        "change_message": "[{\"added\": {}}]"
    }
},
{
    "model": "admin.logentry",
    "pk": 34,
    "fields": {
        "action_time": "2021-09-30T10:27:20.788Z",
        "user": 1,
        "content_type": 9,
        "object_id": "22",
        "object_repr": "Ab Wheel",
        "action_flag": 1,
        "change_message": "[{\"added\": {}}]"
    }
},
{
    "model": "admin.logentry",
    "pk": 35,
    "fields": {
        "action_time": "2021-09-30T10:28:15.271Z",
        "user": 1,
        "content_type": 9,
        "object_id": "23",
        "object_repr": "Dinner Plates",
        "action_flag": 1,
        "change_message": "[{\"added\": {}}]"
    }
},
{
    "model": "admin.logentry",
    "pk": 36,
    "fields": {
        "action_time": "2021-09-30T10:28:31.415Z",
        "user": 1,
        "content_type": 9,
        "object_id": "24",
        "object_repr": "Cabinets",
        "action_flag": 1,
        "change_message": "[{\"added\": {}}]"
    }
},
{
    "model": "admin.logentry",
    "pk": 37,
    "fields": {
        "action_time": "2021-09-30T10:28:47.347Z",
        "user": 1,
        "content_type": 9,
        "object_id": "25",
        "object_repr": "Electric Stove",
        "action_flag": 1,
        "change_message": "[{\"added\": {}}]"
    }
},
{
    "model": "admin.logentry",
    "pk": 38,
    "fields": {
        "action_time": "2021-09-30T10:29:48.820Z",
        "user": 1,
        "content_type": 9,
        "object_id": "26",
        "object_repr": "Dinner Spoons",
        "action_flag": 1,
        "change_message": "[{\"added\": {}}]"
    }
},
{
    "model": "admin.logentry",
    "pk": 39,
    "fields": {
        "action_time": "2021-09-30T10:30:00.224Z",
        "user": 1,
        "content_type": 9,
        "object_id": "27",
        "object_repr": "Glass Rack",
        "action_flag": 1,
        "change_message": "[{\"added\": {}}]"
    }
},
{
    "model": "admin.logentry",
    "pk": 40,
    "fields": {
        "action_time": "2021-09-30T10:54:48.622Z",
        "user": 1,
        "content_type": 10,
        "object_id": "1",
        "object_repr": "Double Beds",
        "action_flag": 1,
        "change_message": "[{\"added\": {}}]"
    }
},
{
    "model": "admin.logentry",
    "pk": 41,
    "fields": {
        "action_time": "2021-09-30T10:55:48.248Z",
        "user": 1,
        "content_type": 10,
        "object_id": "2",
        "object_repr": "Double Story Bed",
        "action_flag": 1,
        "change_message": "[{\"added\": {}}]"
    }
},
{
    "model": "admin.logentry",
    "pk": 42,
    "fields": {
        "action_time": "2021-09-30T10:56:33.373Z",
        "user": 1,
        "content_type": 10,
        "object_id": "3",
        "object_repr": "Dark Brown Wooden Bed",
        "action_flag": 1,
        "change_message": "[{\"added\": {}}]"
    }
},
{
    "model": "admin.logentry",
    "pk": 43,
    "fields": {
        "action_time": "2021-09-30T10:57:44.188Z",
        "user": 1,
        "content_type": 10,
        "object_id": "4",
        "object_repr": "Couple Bed",
        "action_flag": 1,
        "change_message": "[{\"added\": {}}]"
    }
},
{
    "model": "admin.logentry",
    "pk": 44,
    "fields": {
        "action_time": "2021-09-30T10:58:48.632Z",
        "user": 1,
        "content_type": 10,
        "object_id": "5",
        "object_repr": "Single Sofa",
        "action_flag": 1,
        "change_message": "[{\"added\": {}}]"
    }
},
{
    "model": "admin.logentry",
    "pk": 45,
    "fields": {
        "action_time": "2021-09-30T10:59:49.605Z",
        "user": 1,
        "content_type": 10,
        "object_id": "6",
        "object_repr": "Comfortable Sofa",
        "action_flag": 1,
        "change_message": "[{\"added\": {}}]"
    }
},
{
    "model": "admin.logentry",
    "pk": 46,
    "fields": {
        "action_time": "2021-09-30T11:00:49.230Z",
        "user": 1,
        "content_type": 10,
        "object_id": "7",
        "object_repr": "Rounded Single Sofa",
        "action_flag": 1,
        "change_message": "[{\"added\": {}}]"
    }
},
{
    "model": "admin.logentry",
    "pk": 47,
    "fields": {
        "action_time": "2021-09-30T13:58:28.135Z",
        "user": 1,
        "content_type": 10,
        "object_id": "8",
        "object_repr": "Central Air Conditioner",
        "action_flag": 1,
        "change_message": "[{\"added\": {}}]"
    }
},
{
    "model": "admin.logentry",
    "pk": 48,
    "fields": {
        "action_time": "2021-09-30T14:00:46.099Z",
        "user": 1,
        "content_type": 10,
        "object_id": "9",
        "object_repr": "Ductless Mini-Split",
        "action_flag": 1,
        "change_message": "[{\"added\": {}}]"
    }
},
{
    "model": "admin.logentry",
    "pk": 49,
    "fields": {
        "action_time": "2021-09-30T14:00:58.004Z",
        "user": 1,
        "content_type": 10,
        "object_id": "8",
        "object_repr": "Central Air Conditioner",
        "action_flag": 2,
        "change_message": "[{\"changed\": {\"fields\": [\"Product price\"]}}]"
    }
},
{
    "model": "admin.logentry",
    "pk": 50,
    "fields": {
        "action_time": "2021-09-30T14:01:43.006Z",
        "user": 1,
        "content_type": 10,
        "object_id": "10",
        "object_repr": "Window Air Conditioner",
        "action_flag": 1,
        "change_message": "[{\"added\": {}}]"
    }
},
{
    "model": "admin.logentry",
    "pk": 51,
    "fields": {
        "action_time": "2021-09-30T14:11:21.071Z",
        "user": 1,
        "content_type": 10,
        "object_id": "11",
        "object_repr": "Tower Fans",
        "action_flag": 1,
        "change_message": "[{\"added\": {}}]"
    }
},
{
    "model": "admin.logentry",
    "pk": 52,
    "fields": {
        "action_time": "2021-09-30T14:12:18.472Z",
        "user": 1,
        "content_type": 10,
        "object_id": "12",
        "object_repr": "Pedestal Fans",
        "action_flag": 1,
        "change_message": "[{\"added\": {}}]"
    }
},
{
    "model": "admin.logentry",
    "pk": 53,
    "fields": {
        "action_time": "2021-09-30T14:13:32.076Z",
        "user": 1,
        "content_type": 10,
        "object_id": "13",
        "object_repr": "Ceiling Fan",
        "action_flag": 1,
        "change_message": "[{\"added\": {}}]"
    }
},
{
    "model": "admin.logentry",
    "pk": 54,
    "fields": {
        "action_time": "2021-09-30T14:15:36.445Z",
        "user": 1,
        "content_type": 9,
        "object_id": "27",
        "object_repr": "Glass Rack",
        "action_flag": 3,
        "change_message": ""
    }
},
{
    "model": "admin.logentry",
    "pk": 55,
    "fields": {
        "action_time": "2021-09-30T14:15:36.656Z",
        "user": 1,
        "content_type": 9,
        "object_id": "26",
        "object_repr": "Dinner Spoons",
        "action_flag": 3,
        "change_message": ""
    }
},
{
    "model": "admin.logentry",
    "pk": 56,
    "fields": {
        "action_time": "2021-09-30T14:15:36.789Z",
        "user": 1,
        "content_type": 9,
        "object_id": "23",
        "object_repr": "Dinner Plates",
        "action_flag": 3,
        "change_message": ""
    }
},
{
    "model": "admin.logentry",
    "pk": 57,
    "fields": {
        "action_time": "2021-09-30T14:15:36.912Z",
        "user": 1,
        "content_type": 9,
        "object_id": "9",
        "object_repr": "Room Lights",
        "action_flag": 3,
        "change_message": ""
    }
},
{
    "model": "admin.logentry",
    "pk": 58,
    "fields": {
        "action_time": "2021-09-30T14:17:53.364Z",
        "user": 1,
        "content_type": 10,
        "object_id": "14",
        "object_repr": "CounterTop Microwave",
        "action_flag": 1,
        "change_message": "[{\"added\": {}}]"
    }
},
{
    "model": "admin.logentry",
    "pk": 59,
    "fields": {
        "action_time": "2021-09-30T14:18:47.420Z",
        "user": 1,
        "content_type": 10,
        "object_id": "15",
        "object_repr": "Above The Range",
        "action_flag": 1,
        "change_message": "[{\"added\": {}}]"
    }
},
{
    "model": "admin.logentry",
    "pk": 60,
    "fields": {
        "action_time": "2021-09-30T14:21:02.991Z",
        "user": 1,
        "content_type": 10,
        "object_id": "16",
        "object_repr": "Electric Kettle",
        "action_flag": 1,
        "change_message": "[{\"added\": {}}]"
    }
},
{
    "model": "admin.logentry",
    "pk": 61,
    "fields": {
        "action_time": "2021-09-30T14:23:31.811Z",
        "user": 1,
        "content_type": 10,
        "object_id": "17",
        "object_repr": "Mounted Dispenser",
        "action_flag": 1,
        "change_message": "[{\"added\": {}}]"
    }
},
{
    "model": "admin.logentry",
    "pk": 62,
    "fields": {
        "action_time": "2021-09-30T14:24:06.638Z",
        "user": 1,
        "content_type": 10,
        "object_id": "18",
        "object_repr": "Normal Water Dispenser",
        "action_flag": 1,
        "change_message": "[{\"added\": {}}]"
    }
},
{
    "model": "admin.logentry",
    "pk": 63,
    "fields": {
        "action_time": "2021-09-30T14:25:19.910Z",
        "user": 1,
        "content_type": 9,
        "object_id": "22",
        "object_repr": "Ab Wheel",
        "action_flag": 3,
        "change_message": ""
    }
},
{
    "model": "admin.logentry",
    "pk": 64,
    "fields": {
        "action_time": "2021-09-30T14:25:20.151Z",
        "user": 1,
        "content_type": 9,
        "object_id": "19",
        "object_repr": "Excercise Ball",
        "action_flag": 3,
        "change_message": ""
    }
},
{
    "model": "admin.logentry",
    "pk": 65,
    "fields": {
        "action_time": "2021-09-30T14:25:20.300Z",
        "user": 1,
        "content_type": 9,
        "object_id": "17",
        "object_repr": "Dumbbells",
        "action_flag": 3,
        "change_message": ""
    }
},
{
    "model": "admin.logentry",
    "pk": 66,
    "fields": {
        "action_time": "2021-09-30T14:25:20.416Z",
        "user": 1,
        "content_type": 9,
        "object_id": "16",
        "object_repr": "Weights",
        "action_flag": 3,
        "change_message": ""
    }
},
{
    "model": "admin.logentry",
    "pk": 67,
    "fields": {
        "action_time": "2021-09-30T14:25:20.595Z",
        "user": 1,
        "content_type": 9,
        "object_id": "14",
        "object_repr": "Rods",
        "action_flag": 3,
        "change_message": ""
    }
},
{
    "model": "admin.logentry",
    "pk": 68,
    "fields": {
        "action_time": "2021-09-30T14:27:12.600Z",
        "user": 1,
        "content_type": 10,
        "object_id": "19",
        "object_repr": "Cycling Machine Type 1",
        "action_flag": 1,
        "change_message": "[{\"added\": {}}]"
    }
},
{
    "model": "admin.logentry",
    "pk": 69,
    "fields": {
        "action_time": "2021-09-30T14:27:53.609Z",
        "user": 1,
        "content_type": 10,
        "object_id": "20",
        "object_repr": "Cycling Machine Type 2",
        "action_flag": 1,
        "change_message": "[{\"added\": {}}]"
    }
},
{
    "model": "admin.logentry",
    "pk": 70,
    "fields": {
        "action_time": "2021-09-30T14:29:21.174Z",
        "user": 1,
        "content_type": 10,
        "object_id": "21",
        "object_repr": "Tredmil Type 1",
        "action_flag": 1,
        "change_message": "[{\"added\": {}}]"
    }
},
{
    "model": "admin.logentry",
    "pk": 71,
    "fields": {
        "action_time": "2021-09-30T14:29:52.245Z",
        "user": 1,
        "content_type": 10,
        "object_id": "22",
        "object_repr": "Tredmil Type 2",
        "action_flag": 1,
        "change_message": "[{\"added\": {}}]"
    }
},
{
    "model": "admin.logentry",
    "pk": 72,
    "fields": {
        "action_time": "2021-09-30T14:30:52.473Z",
        "user": 1,
        "content_type": 10,
        "object_id": "23",
        "object_repr": "Punching Bag Type 1",
        "action_flag": 1,
        "change_message": "[{\"added\": {}}]"
    }
},
{
    "model": "admin.logentry",
    "pk": 73,
    "fields": {
        "action_time": "2021-09-30T14:31:21.314Z",
        "user": 1,
        "content_type": 10,
        "object_id": "24",
        "object_repr": "Punching Bag Type 2",
        "action_flag": 1,
        "change_message": "[{\"added\": {}}]"
    }
},
{
    "model": "admin.logentry",
    "pk": 74,
    "fields": {
        "action_time": "2021-09-30T16:03:54.008Z",
        "user": 1,
        "content_type": 10,
        "object_id": "25",
        "object_repr": "Commando Machine Type 1",
        "action_flag": 1,
        "change_message": "[{\"added\": {}}]"
    }
},
{
    "model": "admin.logentry",
    "pk": 75,
    "fields": {
        "action_time": "2021-09-30T16:04:33.514Z",
        "user": 1,
        "content_type": 10,
        "object_id": "26",
        "object_repr": "Commando Machine Type 2",
        "action_flag": 1,
        "change_message": "[{\"added\": {}}]"
    }
},
{
    "model": "admin.logentry",
    "pk": 76,
    "fields": {
        "action_time": "2021-09-30T16:05:53.021Z",
        "user": 1,
        "content_type": 10,
        "object_id": "27",
        "object_repr": "Butterfly Machin 1",
        "action_flag": 1,
        "change_message": "[{\"added\": {}}]"
    }
},
{
    "model": "admin.logentry",
    "pk": 77,
    "fields": {
        "action_time": "2021-09-30T16:06:04.020Z",
        "user": 1,
        "content_type": 10,
        "object_id": "27",
        "object_repr": "Butterfly Machine 1",
        "action_flag": 2,
        "change_message": "[{\"changed\": {\"fields\": [\"Product name\", \"Product price\"]}}]"
    }
},
{
    "model": "admin.logentry",
    "pk": 78,
    "fields": {
        "action_time": "2021-09-30T16:06:33.701Z",
        "user": 1,
        "content_type": 10,
        "object_id": "28",
        "object_repr": "Butterfly Machine 2",
        "action_flag": 1,
        "change_message": "[{\"added\": {}}]"
    }
},
{
    "model": "admin.logentry",
    "pk": 79,
    "fields": {
        "action_time": "2021-09-30T16:08:49.224Z",
        "user": 1,
        "content_type": 10,
        "object_id": "29",
        "object_repr": "Cabinet Type 1",
        "action_flag": 1,
        "change_message": "[{\"added\": {}}]"
    }
},
{
    "model": "admin.logentry",
    "pk": 80,
    "fields": {
        "action_time": "2021-09-30T16:09:09.619Z",
        "user": 1,
        "content_type": 10,
        "object_id": "30",
        "object_repr": "Cabinet Type 2",
        "action_flag": 1,
        "change_message": "[{\"added\": {}}]"
    }
},
{
    "model": "admin.logentry",
    "pk": 81,
    "fields": {
        "action_time": "2021-09-30T16:10:49.829Z",
        "user": 1,
        "content_type": 10,
        "object_id": "31",
        "object_repr": "Electric Stove Type 1",
        "action_flag": 1,
        "change_message": "[{\"added\": {}}]"
    }
},
{
    "model": "admin.logentry",
    "pk": 82,
    "fields": {
        "action_time": "2021-09-30T16:11:12.470Z",
        "user": 1,
        "content_type": 10,
        "object_id": "32",
        "object_repr": "Electric Stove Type 2",
        "action_flag": 1,
        "change_message": "[{\"added\": {}}]"
    }
},
{
    "model": "admin.logentry",
    "pk": 83,
    "fields": {
        "action_time": "2021-09-30T16:11:37.048Z",
        "user": 1,
        "content_type": 10,
        "object_id": "33",
        "object_repr": "Electric Stove Type 3",
        "action_flag": 1,
        "change_message": "[{\"added\": {}}]"
    }
},
{
    "model": "admin.logentry",
    "pk": 84,
    "fields": {
        "action_time": "2021-10-16T20:09:11.172Z",
        "user": 1,
        "content_type": 12,
        "object_id": "1",
        "object_repr": "",
        "action_flag": 3,
        "change_message": ""
    }
},
{
    "model": "admin.logentry",
    "pk": 85,
    "fields": {
        "action_time": "2021-10-16T20:22:38.926Z",
        "user": 1,
        "content_type": 12,
        "object_id": "11",
        "object_repr": "Double Story Bed",
        "action_flag": 3,
        "change_message": ""
    }
},
{
    "model": "admin.logentry",
    "pk": 86,
    "fields": {
        "action_time": "2021-10-16T20:22:39.149Z",
        "user": 1,
        "content_type": 12,
        "object_id": "10",
        "object_repr": "Double Story Bed",
        "action_flag": 3,
        "change_message": ""
    }
},
{
    "model": "admin.logentry",
    "pk": 87,
    "fields": {
        "action_time": "2021-10-16T20:22:39.282Z",
        "user": 1,
        "content_type": 12,
        "object_id": "9",
        "object_repr": "Double Story Bed",
        "action_flag": 3,
        "change_message": ""
    }
},
{
    "model": "admin.logentry",
    "pk": 88,
    "fields": {
        "action_time": "2021-10-16T20:22:39.426Z",
        "user": 1,
        "content_type": 12,
        "object_id": "8",
        "object_repr": "Double Story Bed",
        "action_flag": 3,
        "change_message": ""
    }
},
{
    "model": "admin.logentry",
    "pk": 89,
    "fields": {
        "action_time": "2021-10-16T20:22:39.549Z",
        "user": 1,
        "content_type": 12,
        "object_id": "7",
        "object_repr": "Double Story Bed",
        "action_flag": 3,
        "change_message": ""
    }
},
{
    "model": "admin.logentry",
    "pk": 90,
    "fields": {
        "action_time": "2021-10-16T20:22:40.331Z",
        "user": 1,
        "content_type": 12,
        "object_id": "6",
        "object_repr": "Double Story Bed",
        "action_flag": 3,
        "change_message": ""
    }
},
{
    "model": "admin.logentry",
    "pk": 91,
    "fields": {
        "action_time": "2021-10-16T20:22:40.698Z",
        "user": 1,
        "content_type": 12,
        "object_id": "5",
        "object_repr": "Double Story Bed",
        "action_flag": 3,
        "change_message": ""
    }
},
{
    "model": "admin.logentry",
    "pk": 92,
    "fields": {
        "action_time": "2021-10-16T20:22:40.926Z",
        "user": 1,
        "content_type": 12,
        "object_id": "4",
        "object_repr": "Double Story Bed",
        "action_flag": 3,
        "change_message": ""
    }
},
{
    "model": "admin.logentry",
    "pk": 93,
    "fields": {
        "action_time": "2021-10-16T20:22:41.182Z",
        "user": 1,
        "content_type": 12,
        "object_id": "3",
        "object_repr": "Double Story Bed",
        "action_flag": 3,
        "change_message": ""
    }
},
{
    "model": "admin.logentry",
    "pk": 94,
    "fields": {
        "action_time": "2021-10-18T14:21:22.458Z",
        "user": 1,
        "content_type": 12,
        "object_id": "14",
        "object_repr": "Cart object (14)",
        "action_flag": 3,
        "change_message": ""
    }
},
{
    "model": "admin.logentry",
    "pk": 95,
    "fields": {
        "action_time": "2021-10-18T14:21:22.628Z",
        "user": 1,
        "content_type": 12,
        "object_id": "13",
        "object_repr": "Cart object (13)",
        "action_flag": 3,
        "change_message": ""
    }
},
{
    "model": "admin.logentry",
    "pk": 96,
    "fields": {
        "action_time": "2021-10-18T14:21:22.751Z",
        "user": 1,
        "content_type": 12,
        "object_id": "12",
        "object_repr": "Cart object (12)",
        "action_flag": 3,
        "change_message": ""
    }
},
{
    "model": "admin.logentry",
    "pk": 97,
    "fields": {
        "action_time": "2021-10-18T14:21:22.906Z",
        "user": 1,
        "content_type": 12,
        "object_id": "2",
        "object_repr": "Cart object (2)",
        "action_flag": 3,
        "change_message": ""
    }
},
{
    "model": "admin.logentry",
    "pk": 98,
    "fields": {
        "action_time": "2021-10-27T15:22:13.227Z",
        "user": 1,
        "content_type": 12,
        "object_id": "16",
        "object_repr": "Cart object (16)",
        "action_flag": 2,
        "change_message": "[{\"changed\": {\"fields\": [\"Quantity\"]}}]"
    }
},
{
    "model": "admin.logentry",
    "pk": 99,
    "fields": {
        "action_time": "2021-10-27T15:23:29.389Z",
        "user": 1,
        "content_type": 12,
        "object_id": "15",
        "object_repr": "Cart object (15)",
        "action_flag": 2,
        "change_message": "[{\"changed\": {\"fields\": [\"Quantity\"]}}]"
    }
},
{
    "model": "admin.logentry",
    "pk": 100,
    "fields": {
        "action_time": "2021-10-28T16:32:42.707Z",
        "user": 1,
        "content_type": 12,
        "object_id": "17",
        "object_repr": "Cart object (17)",
        "action_flag": 3,
        "change_message": ""
    }
},
{
    "model": "admin.logentry",
    "pk": 101,
    "fields": {
        "action_time": "2021-10-28T16:32:42.810Z",
        "user": 1,
        "content_type": 12,
        "object_id": "16",
        "object_repr": "Cart object (16)",
        "action_flag": 3,
        "change_message": ""
    }
},
{
    "model": "admin.logentry",
    "pk": 102,
    "fields": {
        "action_time": "2021-10-28T16:32:42.965Z",
        "user": 1,
        "content_type": 12,
        "object_id": "15",
        "object_repr": "Cart object (15)",
        "action_flag": 3,
        "change_message": ""
    }
},
{
    "model": "admin.logentry",
    "pk": 103,
    "fields": {
        "action_time": "2021-10-28T19:11:19.818Z",
        "user": 1,
        "content_type": 6,
        "object_id": "1",
        "object_repr": "admin",
        "action_flag": 2,
        "change_message": "[{\"changed\": {\"fields\": [\"User role\"]}}]"
    }
},
{
    "model": "admin.logentry",
    "pk": 104,
    "fields": {
        "action_time": "2021-11-10T20:00:34.682Z",
        "user": 1,
        "content_type": 13,
        "object_id": "67e1b05c-42d9-43d7-b6da-0755a74322f9",
        "object_repr": "67e1b05c-42d9-43d7-b6da-0755a74322f9",
        "action_flag": 1,
        "change_message": "[{\"added\": {}}]"
    }
},
{
    "model": "admin.logentry",
    "pk": 105,
    "fields": {
        "action_time": "2021-11-11T10:49:00.552Z",
        "user": 1,
        "content_type": 13,
        "object_id": "67e1b05c-42d9-43d7-b6da-0755a74322f9",
        "object_repr": "67e1b05c-42d9-43d7-b6da-0755a74322f9",
        "action_flag": 2,
        "change_message": "[{\"changed\": {\"fields\": [\"User\", \"Email\"]}}]"
    }
},
{
    "model": "admin.logentry",
    "pk": 106,
    "fields": {
        "action_time": "2021-11-11T10:49:19.301Z",
        "user": 1,
        "content_type": 13,
        "object_id": "67e1b05c-42d9-43d7-b6da-0755a74322f9",
        "object_repr": "67e1b05c-42d9-43d7-b6da-0755a74322f9",
        "action_flag": 3,
        "change_message": ""
    }
},
{
    "model": "admin.logentry",
    "pk": 107,
    "fields": {
        "action_time": "2021-11-11T10:58:43.105Z",
        "user": 1,
        "content_type": 13,
        "object_id": "60e27873-0723-46c2-956b-77fa54583414",
        "object_repr": "60e27873-0723-46c2-956b-77fa54583414",
        "action_flag": 3,
        "change_message": ""
    }
},
{
    "model": "admin.logentry",
    "pk": 108,
    "fields": {
        "action_time": "2021-11-11T11:02:10.959Z",
        "user": 1,
        "content_type": 13,
        "object_id": "e41f27d1-fb97-4cbc-b76c-39cb6e90d4f4",
        "object_repr": "e41f27d1-fb97-4cbc-b76c-39cb6e90d4f4",
        "action_flag": 3,
        "change_message": ""
    }
},
{
    "model": "admin.logentry",
    "pk": 109,
    "fields": {
        "action_time": "2021-11-11T11:03:21.391Z",
        "user": 1,
        "content_type": 13,
        "object_id": "71960f2f-393e-4e41-9bd4-dfe40c8e2b98",
        "object_repr": "71960f2f-393e-4e41-9bd4-dfe40c8e2b98",
        "action_flag": 3,
        "change_message": ""
    }
},
{
    "model": "admin.logentry",
    "pk": 110,
    "fields": {
        "action_time": "2021-11-11T11:08:02.335Z",
        "user": 1,
        "content_type": 13,
        "object_id": "cfc8a592-b9be-41a0-82a3-f6d4ba36f731",
        "object_repr": "cfc8a592-b9be-41a0-82a3-f6d4ba36f731",
        "action_flag": 3,
        "change_message": ""
    }
},
{
    "model": "admin.logentry",
    "pk": 111,
    "fields": {
        "action_time": "2021-11-11T11:08:02.474Z",
        "user": 1,
        "content_type": 13,
        "object_id": "ac02845a-b214-489b-82d7-0814335e669d",
        "object_repr": "ac02845a-b214-489b-82d7-0814335e669d",
        "action_flag": 3,
        "change_message": ""
    }
},
{
    "model": "admin.logentry",
    "pk": 112,
    "fields": {
        "action_time": "2021-11-11T11:16:47.574Z",
        "user": 1,
        "content_type": 13,
        "object_id": "a934571f-2bf4-4a5d-9787-397394620c6b",
        "object_repr": "a934571f-2bf4-4a5d-9787-397394620c6b",
        "action_flag": 3,
        "change_message": ""
    }
},
{
    "model": "admin.logentry",
    "pk": 113,
    "fields": {
        "action_time": "2021-11-11T11:16:47.830Z",
        "user": 1,
        "content_type": 13,
        "object_id": "510eb062-3f59-490c-bec7-2422d89f093f",
        "object_repr": "510eb062-3f59-490c-bec7-2422d89f093f",
        "action_flag": 3,
        "change_message": ""
    }
},
{
    "model": "admin.logentry",
    "pk": 114,
    "fields": {
        "action_time": "2021-11-11T12:20:21.585Z",
        "user": 1,
        "content_type": 13,
        "object_id": "f9067d3f-c0c8-43a7-8e7c-6e1a5adc6304",
        "object_repr": "f9067d3f-c0c8-43a7-8e7c-6e1a5adc6304",
        "action_flag": 3,
        "change_message": ""
    }
},
{
    "model": "admin.logentry",
    "pk": 115,
    "fields": {
        "action_time": "2021-11-11T12:20:21.898Z",
        "user": 1,
        "content_type": 13,
        "object_id": "cd844a9e-9c65-4a1b-a85e-4e8411704413",
        "object_repr": "cd844a9e-9c65-4a1b-a85e-4e8411704413",
        "action_flag": 3,
        "change_message": ""
    }
},
{
    "model": "admin.logentry",
    "pk": 116,
    "fields": {
        "action_time": "2021-11-11T12:20:22.060Z",
        "user": 1,
        "content_type": 13,
        "object_id": "c3600316-0b59-4ac0-942b-0853b32791e4",
        "object_repr": "c3600316-0b59-4ac0-942b-0853b32791e4",
        "action_flag": 3,
        "change_message": ""
    }
},
{
    "model": "admin.logentry",
    "pk": 117,
    "fields": {
        "action_time": "2021-11-11T12:20:22.197Z",
        "user": 1,
        "content_type": 13,
        "object_id": "8d294628-2fd5-4493-b455-30cc880da70c",
        "object_repr": "8d294628-2fd5-4493-b455-30cc880da70c",
        "action_flag": 3,
        "change_message": ""
    }
},
{
    "model": "admin.logentry",
    "pk": 118,
    "fields": {
        "action_time": "2021-11-11T12:20:22.598Z",
        "user": 1,
        "content_type": 13,
        "object_id": "633009d9-09df-4db3-8eb8-a414c90583e2",
        "object_repr": "633009d9-09df-4db3-8eb8-a414c90583e2",
        "action_flag": 3,
        "change_message": ""
    }
},
{
    "model": "admin.logentry",
    "pk": 119,
    "fields": {
        "action_time": "2021-11-11T12:20:22.771Z",
        "user": 1,
        "content_type": 13,
        "object_id": "29189192-7223-41f2-a89c-96e0447ac096",
        "object_repr": "29189192-7223-41f2-a89c-96e0447ac096",
        "action_flag": 3,
        "change_message": ""
    }
},
{
    "model": "admin.logentry",
    "pk": 120,
    "fields": {
        "action_time": "2021-11-11T12:20:22.905Z",
        "user": 1,
        "content_type": 13,
        "object_id": "1c01314e-d51f-4146-a656-92f970dc9722",
        "object_repr": "1c01314e-d51f-4146-a656-92f970dc9722",
        "action_flag": 3,
        "change_message": ""
    }
},
{
    "model": "admin.logentry",
    "pk": 121,
    "fields": {
        "action_time": "2021-11-17T12:33:58.076Z",
        "user": 1,
        "content_type": 12,
        "object_id": "29",
        "object_repr": "Stuart",
        "action_flag": 3,
        "change_message": ""
    }
},
{
    "model": "admin.logentry",
    "pk": 122,
    "fields": {
        "action_time": "2021-11-17T12:33:58.299Z",
        "user": 1,
        "content_type": 12,
        "object_id": "28",
        "object_repr": "Stuart",
        "action_flag": 3,
        "change_message": ""
    }
},
{
    "model": "admin.logentry",
    "pk": 123,
    "fields": {
        "action_time": "2021-11-17T12:33:58.454Z",
        "user": 1,
        "content_type": 12,
        "object_id": "27",
        "object_repr": "Stuart",
        "action_flag": 3,
        "change_message": ""
    }
},
{
    "model": "admin.logentry",
    "pk": 124,
    "fields": {
        "action_time": "2021-11-17T12:33:58.593Z",
        "user": 1,
        "content_type": 12,
        "object_id": "26",
        "object_repr": "admin",
        "action_flag": 3,
        "change_message": ""
    }
},
{
    "model": "admin.logentry",
    "pk": 125,
    "fields": {
        "action_time": "2021-11-17T12:33:58.712Z",
        "user": 1,
        "content_type": 12,
        "object_id": "25",
        "object_repr": "Stuart",
        "action_flag": 3,
        "change_message": ""
    }
},
{
    "model": "admin.logentry",
    "pk": 126,
    "fields": {
        "action_time": "2021-11-17T12:33:58.867Z",
        "user": 1,
        "content_type": 12,
        "object_id": "24",
        "object_repr": "Stuart",
        "action_flag": 3,
        "change_message": ""
    }
},
{
    "model": "admin.logentry",
    "pk": 127,
    "fields": {
        "action_time": "2021-11-17T12:33:59.047Z",
        "user": 1,
        "content_type": 12,
        "object_id": "23",
        "object_repr": "Stuart",
        "action_flag": 3,
        "change_message": ""
    }
},
{
    "model": "admin.logentry",
    "pk": 128,
    "fields": {
        "action_time": "2021-11-17T12:33:59.916Z",
        "user": 1,
        "content_type": 12,
        "object_id": "22",
        "object_repr": "Stuart",
        "action_flag": 3,
        "change_message": ""
    }
},
{
    "model": "admin.logentry",
    "pk": 129,
    "fields": {
        "action_time": "2021-11-17T12:34:00.049Z",
        "user": 1,
        "content_type": 12,
        "object_id": "21",
        "object_repr": "Stuart",
        "action_flag": 3,
        "change_message": ""
    }
},
{
    "model": "admin.logentry",
    "pk": 130,
    "fields": {
        "action_time": "2021-11-17T12:34:00.183Z",
        "user": 1,
        "content_type": 12,
        "object_id": "20",
        "object_repr": "Stuart",
        "action_flag": 3,
        "change_message": ""
    }
},
{
    "model": "admin.logentry",
    "pk": 131,
    "fields": {
        "action_time": "2021-11-17T12:34:00.343Z",
        "user": 1,
        "content_type": 12,
        "object_id": "19",
        "object_repr": "Stuart",
        "action_flag": 3,
        "change_message": ""
    }
},
{
    "model": "admin.logentry",
    "pk": 132,
    "fields": {
        "action_time": "2021-11-17T12:34:00.483Z",
        "user": 1,
        "content_type": 12,
        "object_id": "18",
        "object_repr": "Stuart",
        "action_flag": 3,
        "change_message": ""
    }
},
{
    "model": "admin.logentry",
    "pk": 133,
    "fields": {
        "action_time": "2021-11-17T20:00:14.475Z",
        "user": 1,
        "content_type": 12,
        "object_id": "36",
        "object_repr": "Stuart",
        "action_flag": 3,
        "change_message": ""
    }
},
{
    "model": "admin.logentry",
    "pk": 134,
    "fields": {
        "action_time": "2021-11-18T08:51:02.822Z",
        "user": 1,
        "content_type": 12,
        "object_id": "38",
        "object_repr": "steve",
        "action_flag": 3,
        "change_message": ""
    }
},
{
    "model": "admin.logentry",
    "pk": 135,
    "fields": {
        "action_time": "2021-11-18T08:51:03.035Z",
        "user": 1,
        "content_type": 12,
        "object_id": "37",
        "object_repr": "Stuart",
        "action_flag": 3,
        "change_message": ""
    }
},
{
    "model": "admin.logentry",
    "pk": 136,
    "fields": {
        "action_time": "2021-11-18T08:51:28.805Z",
        "user": 1,
        "content_type": 13,
        "object_id": "a6d70ec2-b447-47a0-891f-99cb7d1fc5b8",
        "object_repr": "a6d70ec2-b447-47a0-891f-99cb7d1fc5b8",
        "action_flag": 3,
        "change_message": ""
    }
},
{
    "model": "admin.logentry",
    "pk": 137,
    "fields": {
        "action_time": "2021-11-18T08:51:28.948Z",
        "user": 1,
        "content_type": 13,
        "object_id": "7b0e52e8-343d-44e1-9341-a10787717193",
        "object_repr": "7b0e52e8-343d-44e1-9341-a10787717193",
        "action_flag": 3,
        "change_message": ""
    }
},
{
    "model": "admin.logentry",
    "pk": 138,
    "fields": {
        "action_time": "2021-11-18T08:51:29.074Z",
        "user": 1,
        "content_type": 13,
        "object_id": "250eac11-c6d5-4b1c-98c8-1284e721115d",
        "object_repr": "250eac11-c6d5-4b1c-98c8-1284e721115d",
        "action_flag": 3,
        "change_message": ""
    }
},
{
    "model": "admin.logentry",
    "pk": 139,
    "fields": {
        "action_time": "2021-11-18T09:42:17.159Z",
        "user": 1,
        "content_type": 13,
        "object_id": "d96ec102-ca7a-4569-b1fa-87012c73d66f",
        "object_repr": "d96ec102-ca7a-4569-b1fa-87012c73d66f",
        "action_flag": 2,
        "change_message": "[{\"changed\": {\"fields\": [\"Cart\"]}}]"
    }
},
{
    "model": "admin.logentry",
    "pk": 140,
    "fields": {
        "action_time": "2021-11-18T09:56:06.959Z",
        "user": 1,
        "content_type": 12,
        "object_id": "40",
        "object_repr": "40",
        "action_flag": 3,
        "change_message": ""
    }
},
{
    "model": "admin.logentry",
    "pk": 141,
    "fields": {
        "action_time": "2021-11-18T09:56:07.099Z",
        "user": 1,
        "content_type": 12,
        "object_id": "39",
        "object_repr": "39",
        "action_flag": 3,
        "change_message": ""
    }
},
{
    "model": "admin.logentry",
    "pk": 142,
    "fields": {
        "action_time": "2021-11-18T09:56:14.798Z",
        "user": 1,
        "content_type": 13,
        "object_id": "d96ec102-ca7a-4569-b1fa-87012c73d66f",
        "object_repr": "d96ec102-ca7a-4569-b1fa-87012c73d66f",
        "action_flag": 3,
        "change_message": ""
    }
},
{
    "model": "admin.logentry",
    "pk": 143,
    "fields": {
        "action_time": "2021-11-18T09:56:14.932Z",
        "user": 1,
        "content_type": 13,
        "object_id": "617f524e-8f5e-4bb8-8463-430af51e32c4",
        "object_repr": "617f524e-8f5e-4bb8-8463-430af51e32c4",
        "action_flag": 3,
        "change_message": ""
    }
},
{
    "model": "admin.logentry",
    "pk": 144,
    "fields": {
        "action_time": "2021-11-18T10:13:03.417Z",
        "user": 1,
        "content_type": 13,
        "object_id": "2cdc6d88-5512-46a1-b0d0-630bda1f293f",
        "object_repr": "2cdc6d88-5512-46a1-b0d0-630bda1f293f",
        "action_flag": 3,
        "change_message": ""
    }
},
{
    "model": "admin.logentry",
    "pk": 145,
    "fields": {
        "action_time": "2021-11-18T10:13:12.063Z",
        "user": 1,
        "content_type": 12,
        "object_id": "41",
        "object_repr": "41",
        "action_flag": 3,
        "change_message": ""
    }
},
{
    "model": "admin.logentry",
    "pk": 146,
    "fields": {
        "action_time": "2021-11-18T10:39:08.507Z",
        "user": 1,
        "content_type": 12,
        "object_id": "42",
        "object_repr": "42",
        "action_flag": 3,
        "change_message": ""
    }
},
{
    "model": "admin.logentry",
    "pk": 147,
    "fields": {
        "action_time": "2021-11-18T10:39:15.180Z",
        "user": 1,
        "content_type": 13,
        "object_id": "ea2919e3-98c1-48ea-bc5f-450ffdc95aad",
        "object_repr": "ea2919e3-98c1-48ea-bc5f-450ffdc95aad",
        "action_flag": 3,
        "change_message": ""
    }
},
{
    "model": "admin.logentry",
    "pk": 148,
    "fields": {
        "action_time": "2021-11-18T10:55:39.219Z",
        "user": 1,
        "content_type": 12,
        "object_id": "43",
        "object_repr": "43",
        "action_flag": 3,
        "change_message": ""
    }
},
{
    "model": "admin.logentry",
    "pk": 149,
    "fields": {
        "action_time": "2021-11-18T10:55:45.949Z",
        "user": 1,
        "content_type": 13,
        "object_id": "b030cda5-1e89-4597-9e43-36902b072ff6",
        "object_repr": "b030cda5-1e89-4597-9e43-36902b072ff6",
        "action_flag": 3,
        "change_message": ""
    }
},
{
    "model": "admin.logentry",
    "pk": 150,
    "fields": {
        "action_time": "2021-11-18T10:55:46.110Z",
        "user": 1,
        "content_type": 13,
        "object_id": "25db816e-e0f3-42d8-bee1-12be1e8a33f0",
        "object_repr": "25db816e-e0f3-42d8-bee1-12be1e8a33f0",
        "action_flag": 3,
        "change_message": ""
    }
},
{
    "model": "admin.logentry",
    "pk": 151,
    "fields": {
        "action_time": "2021-11-20T12:11:32.687Z",
        "user": 1,
        "content_type": 13,
        "object_id": "0ef86505-d1c2-4860-9bee-5db7865870f5",
        "object_repr": "0ef86505-d1c2-4860-9bee-5db7865870f5",
        "action_flag": 3,
        "change_message": ""
    }
},
{
    "model": "admin.logentry",
    "pk": 152,
    "fields": {
        "action_time": "2021-11-20T12:30:34.948Z",
        "user": 1,
        "content_type": 12,
        "object_id": "47",
        "object_repr": "47",
        "action_flag": 3,
        "change_message": ""
    }
},
{
    "model": "admin.logentry",
    "pk": 153,
    "fields": {
        "action_time": "2021-11-20T12:30:35.106Z",
        "user": 1,
        "content_type": 12,
        "object_id": "46",
        "object_repr": "46",
        "action_flag": 3,
        "change_message": ""
    }
},
{
    "model": "admin.logentry",
    "pk": 154,
    "fields": {
        "action_time": "2021-11-20T12:30:35.246Z",
        "user": 1,
        "content_type": 12,
        "object_id": "45",
        "object_repr": "45",
        "action_flag": 3,
        "change_message": ""
    }
},
{
    "model": "admin.logentry",
    "pk": 155,
    "fields": {
        "action_time": "2021-11-20T12:30:35.391Z",
        "user": 1,
        "content_type": 12,
        "object_id": "44",
        "object_repr": "44",
        "action_flag": 3,
        "change_message": ""
    }
},
{
    "model": "admin.logentry",
    "pk": 156,
    "fields": {
        "action_time": "2021-11-20T12:30:47.933Z",
        "user": 1,
        "content_type": 13,
        "object_id": "fc7a54d5-d83f-4d8f-ad6b-f99af23fc750",
        "object_repr": "fc7a54d5-d83f-4d8f-ad6b-f99af23fc750",
        "action_flag": 3,
        "change_message": ""
    }
},
{
    "model": "admin.logentry",
    "pk": 157,
    "fields": {
        "action_time": "2021-11-20T12:30:48.196Z",
        "user": 1,
        "content_type": 13,
        "object_id": "c129e4af-d216-4032-9019-9ecb95520428",
        "object_repr": "c129e4af-d216-4032-9019-9ecb95520428",
        "action_flag": 3,
        "change_message": ""
    }
},
{
    "model": "admin.logentry",
    "pk": 158,
    "fields": {
        "action_time": "2021-11-20T12:30:48.356Z",
        "user": 1,
        "content_type": 13,
        "object_id": "88714915-f0e9-412e-a505-b0cc09ade134",
        "object_repr": "88714915-f0e9-412e-a505-b0cc09ade134",
        "action_flag": 3,
        "change_message": ""
    }
},
{
    "model": "admin.logentry",
    "pk": 159,
    "fields": {
        "action_time": "2021-11-20T12:30:48.513Z",
        "user": 1,
        "content_type": 13,
        "object_id": "75466513-7ac4-486f-af36-cf836bf3241d",
        "object_repr": "75466513-7ac4-486f-af36-cf836bf3241d",
        "action_flag": 3,
        "change_message": ""
    }
},
{
    "model": "admin.logentry",
    "pk": 160,
    "fields": {
        "action_time": "2021-11-20T12:30:48.669Z",
        "user": 1,
        "content_type": 13,
        "object_id": "68f0f1f9-9e55-4e3f-aee3-f3fb3740b1b4",
        "object_repr": "68f0f1f9-9e55-4e3f-aee3-f3fb3740b1b4",
        "action_flag": 3,
        "change_message": ""
    }
},
{
    "model": "admin.logentry",
    "pk": 161,
    "fields": {
        "action_time": "2021-11-20T12:30:48.802Z",
        "user": 1,
        "content_type": 13,
        "object_id": "2ad9e28a-5959-49be-aff1-eb8b1121dfeb",
        "object_repr": "2ad9e28a-5959-49be-aff1-eb8b1121dfeb",
        "action_flag": 3,
        "change_message": ""
    }
},
{
    "model": "admin.logentry",
    "pk": 162,
    "fields": {
        "action_time": "2021-11-20T12:30:48.914Z",
        "user": 1,
        "content_type": 13,
        "object_id": "18107646-5d02-45e8-b73d-7113b6cd8431",
        "object_repr": "18107646-5d02-45e8-b73d-7113b6cd8431",
        "action_flag": 3,
        "change_message": ""
    }
},
{
    "model": "admin.logentry",
    "pk": 163,
    "fields": {
        "action_time": "2021-11-20T12:30:49.047Z",
        "user": 1,
        "content_type": 13,
        "object_id": "15dedafd-6035-468a-89e4-0deb793e60f7",
        "object_repr": "15dedafd-6035-468a-89e4-0deb793e60f7",
        "action_flag": 3,
        "change_message": ""
    }
},
{
    "model": "admin.logentry",
    "pk": 164,
    "fields": {
        "action_time": "2021-11-20T12:30:49.203Z",
        "user": 1,
        "content_type": 13,
        "object_id": "042e6263-75db-4164-968e-30ddef15fd8c",
        "object_repr": "042e6263-75db-4164-968e-30ddef15fd8c",
        "action_flag": 3,
        "change_message": ""
    }
},
{
    "model": "admin.logentry",
    "pk": 165,
    "fields": {
        "action_time": "2021-11-20T12:39:21.610Z",
        "user": 1,
        "content_type": 12,
        "object_id": "51",
        "object_repr": "51",
        "action_flag": 3,
        "change_message": ""
    }
},
{
    "model": "admin.logentry",
    "pk": 166,
    "fields": {
        "action_time": "2021-11-20T12:39:21.740Z",
        "user": 1,
        "content_type": 12,
        "object_id": "50",
        "object_repr": "50",
        "action_flag": 3,
        "change_message": ""
    }
},
{
    "model": "admin.logentry",
    "pk": 167,
    "fields": {
        "action_time": "2021-11-20T12:39:21.853Z",
        "user": 1,
        "content_type": 12,
        "object_id": "49",
        "object_repr": "49",
        "action_flag": 3,
        "change_message": ""
    }
},
{
    "model": "admin.logentry",
    "pk": 168,
    "fields": {
        "action_time": "2021-11-20T12:39:21.973Z",
        "user": 1,
        "content_type": 12,
        "object_id": "48",
        "object_repr": "48",
        "action_flag": 3,
        "change_message": ""
    }
},
{
    "model": "admin.logentry",
    "pk": 169,
    "fields": {
        "action_time": "2021-11-20T12:39:30.555Z",
        "user": 1,
        "content_type": 13,
        "object_id": "cece0932-7bb3-43b5-9b11-76026f24eea7",
        "object_repr": "cece0932-7bb3-43b5-9b11-76026f24eea7",
        "action_flag": 3,
        "change_message": ""
    }
},
{
    "model": "admin.logentry",
    "pk": 170,
    "fields": {
        "action_time": "2021-11-20T12:39:30.676Z",
        "user": 1,
        "content_type": 13,
        "object_id": "28809e9c-32f0-4fb8-87b0-f83d2254daf4",
        "object_repr": "28809e9c-32f0-4fb8-87b0-f83d2254daf4",
        "action_flag": 3,
        "change_message": ""
    }
},
{
    "model": "admin.logentry",
    "pk": 171,
    "fields": {
        "action_time": "2021-11-20T12:39:30.809Z",
        "user": 1,
        "content_type": 13,
        "object_id": "1cd3c479-f4bc-400d-af0b-397ef06db849",
        "object_repr": "1cd3c479-f4bc-400d-af0b-397ef06db849",
        "action_flag": 3,
        "change_message": ""
    }
},
{
    "model": "admin.logentry",
    "pk": 172,
    "fields": {
        "action_time": "2021-11-20T12:39:30.929Z",
        "user": 1,
        "content_type": 13,
        "object_id": "13063e42-8914-4357-bfb4-4f4439fe7e4c",
        "object_repr": "13063e42-8914-4357-bfb4-4f4439fe7e4c",
        "action_flag": 3,
        "change_message": ""
    }
},
{
    "model": "admin.logentry",
    "pk": 173,
    "fields": {
        "action_time": "2021-11-20T14:03:11.912Z",
        "user": 1,
        "content_type": 13,
        "object_id": "f70c3344-3812-4111-a1ef-f57b5cefea67",
        "object_repr": "f70c3344-3812-4111-a1ef-f57b5cefea67",
        "action_flag": 3,
        "change_message": ""
    }
},
{
    "model": "admin.logentry",
    "pk": 174,
    "fields": {
        "action_time": "2021-11-20T14:03:12.138Z",
        "user": 1,
        "content_type": 13,
        "object_id": "de23db87-295c-4357-bb42-944d27cc9c07",
        "object_repr": "de23db87-295c-4357-bb42-944d27cc9c07",
        "action_flag": 3,
        "change_message": ""
    }
},
{
    "model": "admin.logentry",
    "pk": 175,
    "fields": {
        "action_time": "2021-11-20T14:03:12.298Z",
        "user": 1,
        "content_type": 13,
        "object_id": "daec0322-fcf8-4fce-ba5a-2f2fec5663eb",
        "object_repr": "daec0322-fcf8-4fce-ba5a-2f2fec5663eb",
        "action_flag": 3,
        "change_message": ""
    }
},
{
    "model": "admin.logentry",
    "pk": 176,
    "fields": {
        "action_time": "2021-11-20T14:03:12.455Z",
        "user": 1,
        "content_type": 13,
        "object_id": "d137c52c-c618-4c79-8fe8-15af7e2b4f4a",
        "object_repr": "d137c52c-c618-4c79-8fe8-15af7e2b4f4a",
        "action_flag": 3,
        "change_message": ""
    }
},
{
    "model": "admin.logentry",
    "pk": 177,
    "fields": {
        "action_time": "2021-11-20T14:03:12.611Z",
        "user": 1,
        "content_type": 13,
        "object_id": "bb52c705-f30f-4e9f-8ecc-6c89c656ae77",
        "object_repr": "bb52c705-f30f-4e9f-8ecc-6c89c656ae77",
        "action_flag": 3,
        "change_message": ""
    }
},
{
    "model": "admin.logentry",
    "pk": 178,
    "fields": {
        "action_time": "2021-11-20T14:03:12.787Z",
        "user": 1,
        "content_type": 13,
        "object_id": "a0ab44f9-3b02-468f-b488-5d5a1a08f372",
        "object_repr": "a0ab44f9-3b02-468f-b488-5d5a1a08f372",
        "action_flag": 3,
        "change_message": ""
    }
},
{
    "model": "admin.logentry",
    "pk": 179,
    "fields": {
        "action_time": "2021-11-20T14:03:12.944Z",
        "user": 1,
        "content_type": 13,
        "object_id": "9b5a47d4-42cd-4b21-8077-ae3a32886741",
        "object_repr": "9b5a47d4-42cd-4b21-8077-ae3a32886741",
        "action_flag": 3,
        "change_message": ""
    }
},
{
    "model": "admin.logentry",
    "pk": 180,
    "fields": {
        "action_time": "2021-11-20T14:03:13.086Z",
        "user": 1,
        "content_type": 13,
        "object_id": "91e8c820-631e-4dbf-afa1-684cfe7869c7",
        "object_repr": "91e8c820-631e-4dbf-afa1-684cfe7869c7",
        "action_flag": 3,
        "change_message": ""
    }
},
{
    "model": "admin.logentry",
    "pk": 181,
    "fields": {
        "action_time": "2021-11-20T14:03:13.305Z",
        "user": 1,
        "content_type": 13,
        "object_id": "6fcec048-5d03-4fcf-991e-45f1d337f5d1",
        "object_repr": "6fcec048-5d03-4fcf-991e-45f1d337f5d1",
        "action_flag": 3,
        "change_message": ""
    }
},
{
    "model": "admin.logentry",
    "pk": 182,
    "fields": {
        "action_time": "2021-11-20T14:03:13.452Z",
        "user": 1,
        "content_type": 13,
        "object_id": "630ae7f3-cc34-47f8-8c15-6fc3a7263a13",
        "object_repr": "630ae7f3-cc34-47f8-8c15-6fc3a7263a13",
        "action_flag": 3,
        "change_message": ""
    }
},
{
    "model": "admin.logentry",
    "pk": 183,
    "fields": {
        "action_time": "2021-11-20T14:03:13.577Z",
        "user": 1,
        "content_type": 13,
        "object_id": "619e64e8-3f9d-4314-a26a-8ea1b4ca6664",
        "object_repr": "619e64e8-3f9d-4314-a26a-8ea1b4ca6664",
        "action_flag": 3,
        "change_message": ""
    }
},
{
    "model": "admin.logentry",
    "pk": 184,
    "fields": {
        "action_time": "2021-11-20T14:03:13.721Z",
        "user": 1,
        "content_type": 13,
        "object_id": "5b5e4707-49a7-4ccc-a0ef-868c82579047",
        "object_repr": "5b5e4707-49a7-4ccc-a0ef-868c82579047",
        "action_flag": 3,
        "change_message": ""
    }
},
{
    "model": "admin.logentry",
    "pk": 185,
    "fields": {
        "action_time": "2021-11-20T14:03:13.841Z",
        "user": 1,
        "content_type": 13,
        "object_id": "3f385a6e-4754-4216-ad1a-17e7e565ea87",
        "object_repr": "3f385a6e-4754-4216-ad1a-17e7e565ea87",
        "action_flag": 3,
        "change_message": ""
    }
},
{
    "model": "admin.logentry",
    "pk": 186,
    "fields": {
        "action_time": "2021-11-20T14:03:14.000Z",
        "user": 1,
        "content_type": 13,
        "object_id": "3a71e2c0-bcc0-4ed1-b352-6a90addb4f44",
        "object_repr": "3a71e2c0-bcc0-4ed1-b352-6a90addb4f44",
        "action_flag": 3,
        "change_message": ""
    }
},
{
    "model": "admin.logentry",
    "pk": 187,
    "fields": {
        "action_time": "2021-11-20T14:03:14.144Z",
        "user": 1,
        "content_type": 13,
        "object_id": "391bb8d4-a72c-4b28-a6b4-103221dffaa3",
        "object_repr": "391bb8d4-a72c-4b28-a6b4-103221dffaa3",
        "action_flag": 3,
        "change_message": ""
    }
},
{
    "model": "admin.logentry",
    "pk": 188,
    "fields": {
        "action_time": "2021-11-20T14:03:14.286Z",
        "user": 1,
        "content_type": 13,
        "object_id": "2fa930f0-098e-4e73-8f20-a3b737bc0109",
        "object_repr": "2fa930f0-098e-4e73-8f20-a3b737bc0109",
        "action_flag": 3,
        "change_message": ""
    }
},
{
    "model": "admin.logentry",
    "pk": 189,
    "fields": {
        "action_time": "2021-11-20T14:03:14.419Z",
        "user": 1,
        "content_type": 13,
        "object_id": "25500dd0-739e-4e20-b3c4-ba192aa4edfc",
        "object_repr": "25500dd0-739e-4e20-b3c4-ba192aa4edfc",
        "action_flag": 3,
        "change_message": ""
    }
},
{
    "model": "admin.logentry",
    "pk": 190,
    "fields": {
        "action_time": "2021-11-20T14:03:14.565Z",
        "user": 1,
        "content_type": 13,
        "object_id": "2330b1ef-a200-43f3-ab12-12a1a4ee9064",
        "object_repr": "2330b1ef-a200-43f3-ab12-12a1a4ee9064",
        "action_flag": 3,
        "change_message": ""
    }
},
{
    "model": "admin.logentry",
    "pk": 191,
    "fields": {
        "action_time": "2021-11-20T14:03:14.697Z",
        "user": 1,
        "content_type": 13,
        "object_id": "1745913f-3d4b-4e77-bbe2-74b6e846025a",
        "object_repr": "1745913f-3d4b-4e77-bbe2-74b6e846025a",
        "action_flag": 3,
        "change_message": ""
    }
},
{
    "model": "admin.logentry",
    "pk": 192,
    "fields": {
        "action_time": "2021-11-20T14:03:14.884Z",
        "user": 1,
        "content_type": 13,
        "object_id": "11795edc-4188-4ac4-b4b1-a38b35c6ade5",
        "object_repr": "11795edc-4188-4ac4-b4b1-a38b35c6ade5",
        "action_flag": 3,
        "change_message": ""
    }
},
{
    "model": "admin.logentry",
    "pk": 193,
    "fields": {
        "action_time": "2021-11-20T14:03:15.063Z",
        "user": 1,
        "content_type": 13,
        "object_id": "07e5cb53-2215-46a5-a28d-e2e4ec86301f",
        "object_repr": "07e5cb53-2215-46a5-a28d-e2e4ec86301f",
        "action_flag": 3,
        "change_message": ""
    }
},
{
    "model": "admin.logentry",
    "pk": 194,
    "fields": {
        "action_time": "2021-11-20T14:03:15.344Z",
        "user": 1,
        "content_type": 13,
        "object_id": "055f4a25-e7d7-4bb1-9c74-e7cbe68f6e38",
        "object_repr": "055f4a25-e7d7-4bb1-9c74-e7cbe68f6e38",
        "action_flag": 3,
        "change_message": ""
    }
},
{
    "model": "admin.logentry",
    "pk": 195,
    "fields": {
        "action_time": "2021-11-20T14:03:25.529Z",
        "user": 1,
        "content_type": 12,
        "object_id": "53",
        "object_repr": "53",
        "action_flag": 3,
        "change_message": ""
    }
},
{
    "model": "admin.logentry",
    "pk": 196,
    "fields": {
        "action_time": "2021-11-20T14:03:26.217Z",
        "user": 1,
        "content_type": 12,
        "object_id": "52",
        "object_repr": "52",
        "action_flag": 3,
        "change_message": ""
    }
},
{
    "model": "admin.logentry",
    "pk": 197,
    "fields": {
        "action_time": "2021-11-20T14:09:36.875Z",
        "user": 1,
        "content_type": 12,
        "object_id": "54",
        "object_repr": "54",
        "action_flag": 3,
        "change_message": ""
    }
},
{
    "model": "admin.logentry",
    "pk": 198,
    "fields": {
        "action_time": "2021-11-20T14:12:33.717Z",
        "user": 1,
        "content_type": 13,
        "object_id": "571d99d4-594b-41dd-93fb-8d2b75f15a40",
        "object_repr": "571d99d4-594b-41dd-93fb-8d2b75f15a40",
        "action_flag": 3,
        "change_message": ""
    }
},
{
    "model": "admin.logentry",
    "pk": 199,
    "fields": {
        "action_time": "2021-11-20T14:12:42.404Z",
        "user": 1,
        "content_type": 12,
        "object_id": "55",
        "object_repr": "55",
        "action_flag": 3,
        "change_message": ""
    }
},
{
    "model": "admin.logentry",
    "pk": 200,
    "fields": {
        "action_time": "2021-11-20T14:14:37.705Z",
        "user": 1,
        "content_type": 13,
        "object_id": "d9bbe3f0-31a1-4e27-8e9c-420af2fe5f7a",
        "object_repr": "d9bbe3f0-31a1-4e27-8e9c-420af2fe5f7a",
        "action_flag": 3,
        "change_message": ""
    }
},
{
    "model": "admin.logentry",
    "pk": 201,
    "fields": {
        "action_time": "2021-11-20T14:14:37.864Z",
        "user": 1,
        "content_type": 13,
        "object_id": "7c18c7ff-8579-4c91-81ab-9126c594ecd8",
        "object_repr": "7c18c7ff-8579-4c91-81ab-9126c594ecd8",
        "action_flag": 3,
        "change_message": ""
    }
},
{
    "model": "admin.logentry",
    "pk": 202,
    "fields": {
        "action_time": "2021-11-20T14:16:47.234Z",
        "user": 1,
        "content_type": 13,
        "object_id": "894186bf-1e47-4a85-8eaa-8a9a05767d8d",
        "object_repr": "894186bf-1e47-4a85-8eaa-8a9a05767d8d",
        "action_flag": 3,
        "change_message": ""
    }
},
{
    "model": "admin.logentry",
    "pk": 203,
    "fields": {
        "action_time": "2021-11-20T14:16:47.417Z",
        "user": 1,
        "content_type": 13,
        "object_id": "20e39d2d-1e59-4a72-80e2-838b0b91388a",
        "object_repr": "20e39d2d-1e59-4a72-80e2-838b0b91388a",
        "action_flag": 3,
        "change_message": ""
    }
},
{
    "model": "admin.logentry",
    "pk": 204,
    "fields": {
        "action_time": "2021-11-20T14:16:54.619Z",
        "user": 1,
        "content_type": 12,
        "object_id": "57",
        "object_repr": "57",
        "action_flag": 3,
        "change_message": ""
    }
},
{
    "model": "admin.logentry",
    "pk": 205,
    "fields": {
        "action_time": "2021-11-20T14:16:54.798Z",
        "user": 1,
        "content_type": 12,
        "object_id": "56",
        "object_repr": "56",
        "action_flag": 3,
        "change_message": ""
    }
},
{
    "model": "admin.logentry",
    "pk": 206,
    "fields": {
        "action_time": "2021-11-20T14:19:03.487Z",
        "user": 1,
        "content_type": 13,
        "object_id": "d97d893a-c99b-4409-afb5-f1b764634544",
        "object_repr": "d97d893a-c99b-4409-afb5-f1b764634544",
        "action_flag": 3,
        "change_message": ""
    }
},
{
    "model": "admin.logentry",
    "pk": 207,
    "fields": {
        "action_time": "2021-11-20T14:19:15.385Z",
        "user": 1,
        "content_type": 12,
        "object_id": "59",
        "object_repr": "59",
        "action_flag": 3,
        "change_message": ""
    }
},
{
    "model": "admin.logentry",
    "pk": 208,
    "fields": {
        "action_time": "2021-11-20T14:19:15.540Z",
        "user": 1,
        "content_type": 12,
        "object_id": "58",
        "object_repr": "58",
        "action_flag": 3,
        "change_message": ""
    }
},
{
    "model": "admin.logentry",
    "pk": 209,
    "fields": {
        "action_time": "2021-11-20T14:53:33.713Z",
        "user": 1,
        "content_type": 12,
        "object_id": "61",
        "object_repr": "61",
        "action_flag": 3,
        "change_message": ""
    }
},
{
    "model": "admin.logentry",
    "pk": 210,
    "fields": {
        "action_time": "2021-11-20T14:53:33.953Z",
        "user": 1,
        "content_type": 12,
        "object_id": "60",
        "object_repr": "60",
        "action_flag": 3,
        "change_message": ""
    }
},
{
    "model": "admin.logentry",
    "pk": 211,
    "fields": {
        "action_time": "2021-11-20T14:53:40.925Z",
        "user": 1,
        "content_type": 13,
        "object_id": "79863a9a-1bf8-47e0-a8b4-78bb4c73f016",
        "object_repr": "79863a9a-1bf8-47e0-a8b4-78bb4c73f016",
        "action_flag": 3,
        "change_message": ""
    }
},
{
    "model": "admin.logentry",
    "pk": 212,
    "fields": {
        "action_time": "2021-11-20T14:55:24.578Z",
        "user": 1,
        "content_type": 13,
        "object_id": "9b929c23-7ad2-4102-963b-73a7e33632c8",
        "object_repr": "9b929c23-7ad2-4102-963b-73a7e33632c8",
        "action_flag": 3,
        "change_message": ""
    }
},
{
    "model": "admin.logentry",
    "pk": 213,
    "fields": {
        "action_time": "2021-11-20T14:55:31.635Z",
        "user": 1,
        "content_type": 12,
        "object_id": "63",
        "object_repr": "63",
        "action_flag": 3,
        "change_message": ""
    }
},
{
    "model": "admin.logentry",
    "pk": 214,
    "fields": {
        "action_time": "2021-11-20T14:55:31.777Z",
        "user": 1,
        "content_type": 12,
        "object_id": "62",
        "object_repr": "62",
        "action_flag": 3,
        "change_message": ""
    }
},
{
    "model": "admin.logentry",
    "pk": 215,
    "fields": {
        "action_time": "2021-11-20T15:03:02.006Z",
        "user": 1,
        "content_type": 12,
        "object_id": "64",
        "object_repr": "64",
        "action_flag": 3,
        "change_message": ""
    }
},
{
    "model": "admin.logentry",
    "pk": 216,
    "fields": {
        "action_time": "2021-11-20T15:03:11.777Z",
        "user": 1,
        "content_type": 13,
        "object_id": "90eb6b87-a360-4b5f-89e7-e02b8df2a00c",
        "object_repr": "90eb6b87-a360-4b5f-89e7-e02b8df2a00c",
        "action_flag": 3,
        "change_message": ""
    }
},
{
    "model": "admin.logentry",
    "pk": 217,
    "fields": {
        "action_time": "2021-11-20T15:26:19.585Z",
        "user": 1,
        "content_type": 12,
        "object_id": "68",
        "object_repr": "68",
        "action_flag": 3,
        "change_message": ""
    }
},
{
    "model": "admin.logentry",
    "pk": 218,
    "fields": {
        "action_time": "2021-11-20T15:26:19.735Z",
        "user": 1,
        "content_type": 12,
        "object_id": "67",
        "object_repr": "67",
        "action_flag": 3,
        "change_message": ""
    }
},
{
    "model": "admin.logentry",
    "pk": 219,
    "fields": {
        "action_time": "2021-11-20T15:26:19.871Z",
        "user": 1,
        "content_type": 12,
        "object_id": "66",
        "object_repr": "66",
        "action_flag": 3,
        "change_message": ""
    }
},
{
    "model": "admin.logentry",
    "pk": 220,
    "fields": {
        "action_time": "2021-11-20T15:26:19.993Z",
        "user": 1,
        "content_type": 12,
        "object_id": "65",
        "object_repr": "65",
        "action_flag": 3,
        "change_message": ""
    }
},
{
    "model": "admin.logentry",
    "pk": 221,
    "fields": {
        "action_time": "2021-11-20T15:26:26.899Z",
        "user": 1,
        "content_type": 13,
        "object_id": "bea2c93a-95ed-457b-8f23-554ce1a3b7b6",
        "object_repr": "bea2c93a-95ed-457b-8f23-554ce1a3b7b6",
        "action_flag": 3,
        "change_message": ""
    }
},
{
    "model": "admin.logentry",
    "pk": 222,
    "fields": {
        "action_time": "2021-11-20T15:26:27.071Z",
        "user": 1,
        "content_type": 13,
        "object_id": "b9141535-0199-4df2-a702-a57367d4b528",
        "object_repr": "b9141535-0199-4df2-a702-a57367d4b528",
        "action_flag": 3,
        "change_message": ""
    }
},
{
    "model": "admin.logentry",
    "pk": 223,
    "fields": {
        "action_time": "2021-11-20T15:26:27.203Z",
        "user": 1,
        "content_type": 13,
        "object_id": "b8eb51ec-9f2a-498d-9a6c-03f40588d0d1",
        "object_repr": "b8eb51ec-9f2a-498d-9a6c-03f40588d0d1",
        "action_flag": 3,
        "change_message": ""
    }
},
{
    "model": "admin.logentry",
    "pk": 224,
    "fields": {
        "action_time": "2021-11-20T15:26:27.348Z",
        "user": 1,
        "content_type": 13,
        "object_id": "a97944ac-f769-423d-8190-19849a091b3e",
        "object_repr": "a97944ac-f769-423d-8190-19849a091b3e",
        "action_flag": 3,
        "change_message": ""
    }
},
{
    "model": "admin.logentry",
    "pk": 225,
    "fields": {
        "action_time": "2021-11-20T15:26:27.491Z",
        "user": 1,
        "content_type": 13,
        "object_id": "a6d1d4b7-54d3-4ecd-ab27-a811edf3b11a",
        "object_repr": "a6d1d4b7-54d3-4ecd-ab27-a811edf3b11a",
        "action_flag": 3,
        "change_message": ""
    }
},
{
    "model": "admin.logentry",
    "pk": 226,
    "fields": {
        "action_time": "2021-11-20T15:26:27.637Z",
        "user": 1,
        "content_type": 13,
        "object_id": "9c3800a0-cf64-4767-be70-62b809b89cd6",
        "object_repr": "9c3800a0-cf64-4767-be70-62b809b89cd6",
        "action_flag": 3,
        "change_message": ""
    }
},
{
    "model": "admin.logentry",
    "pk": 227,
    "fields": {
        "action_time": "2021-11-20T15:26:27.780Z",
        "user": 1,
        "content_type": 13,
        "object_id": "90579be4-3b22-43c4-8318-b79b839c0085",
        "object_repr": "90579be4-3b22-43c4-8318-b79b839c0085",
        "action_flag": 3,
        "change_message": ""
    }
},
{
    "model": "admin.logentry",
    "pk": 228,
    "fields": {
        "action_time": "2021-11-20T15:26:27.925Z",
        "user": 1,
        "content_type": 13,
        "object_id": "7b759279-1a63-464e-aa7c-b590b40ca22e",
        "object_repr": "7b759279-1a63-464e-aa7c-b590b40ca22e",
        "action_flag": 3,
        "change_message": ""
    }
},
{
    "model": "admin.logentry",
    "pk": 229,
    "fields": {
        "action_time": "2021-11-20T15:26:28.060Z",
        "user": 1,
        "content_type": 13,
        "object_id": "4ff60e70-ae4c-46b0-aa42-f6e20e7eb6c5",
        "object_repr": "4ff60e70-ae4c-46b0-aa42-f6e20e7eb6c5",
        "action_flag": 3,
        "change_message": ""
    }
},
{
    "model": "admin.logentry",
    "pk": 230,
    "fields": {
        "action_time": "2021-11-20T15:26:28.283Z",
        "user": 1,
        "content_type": 13,
        "object_id": "4f5caec1-5dfe-42c8-99c7-e39bae01c666",
        "object_repr": "4f5caec1-5dfe-42c8-99c7-e39bae01c666",
        "action_flag": 3,
        "change_message": ""
    }
},
{
    "model": "admin.logentry",
    "pk": 231,
    "fields": {
        "action_time": "2021-11-20T15:26:28.426Z",
        "user": 1,
        "content_type": 13,
        "object_id": "4e4a29dd-9da5-4a58-b1dc-bea22179f802",
        "object_repr": "4e4a29dd-9da5-4a58-b1dc-bea22179f802",
        "action_flag": 3,
        "change_message": ""
    }
},
{
    "model": "admin.logentry",
    "pk": 232,
    "fields": {
        "action_time": "2021-11-20T15:26:28.560Z",
        "user": 1,
        "content_type": 13,
        "object_id": "2947e161-54d6-4418-8af4-8019abbd2fe7",
        "object_repr": "2947e161-54d6-4418-8af4-8019abbd2fe7",
        "action_flag": 3,
        "change_message": ""
    }
},
{
    "model": "admin.logentry",
    "pk": 233,
    "fields": {
        "action_time": "2021-11-20T15:26:28.682Z",
        "user": 1,
        "content_type": 13,
        "object_id": "283448cd-502f-4734-a5c4-ca09c38a5e53",
        "object_repr": "283448cd-502f-4734-a5c4-ca09c38a5e53",
        "action_flag": 3,
        "change_message": ""
    }
},
{
    "model": "admin.logentry",
    "pk": 234,
    "fields": {
        "action_time": "2021-11-20T15:26:28.793Z",
        "user": 1,
        "content_type": 13,
        "object_id": "1f798c24-8557-4b8d-b9ca-75fdab7334a1",
        "object_repr": "1f798c24-8557-4b8d-b9ca-75fdab7334a1",
        "action_flag": 3,
        "change_message": ""
    }
},
{
    "model": "admin.logentry",
    "pk": 235,
    "fields": {
        "action_time": "2021-11-20T15:26:28.926Z",
        "user": 1,
        "content_type": 13,
        "object_id": "03139078-32e7-4a5d-a9a0-ea1158f0a525",
        "object_repr": "03139078-32e7-4a5d-a9a0-ea1158f0a525",
        "action_flag": 3,
        "change_message": ""
    }
},
{
    "model": "admin.logentry",
    "pk": 236,
    "fields": {
        "action_time": "2021-11-20T15:26:29.038Z",
        "user": 1,
        "content_type": 13,
        "object_id": "024bbc7d-9e92-44ad-bcc3-00a006b27eb2",
        "object_repr": "024bbc7d-9e92-44ad-bcc3-00a006b27eb2",
        "action_flag": 3,
        "change_message": ""
    }
},
{
    "model": "admin.logentry",
    "pk": 237,
    "fields": {
        "action_time": "2021-11-20T15:36:13.383Z",
        "user": 1,
        "content_type": 13,
        "object_id": "eeed52e9-2325-4ccb-9eb8-b4758839d539",
        "object_repr": "eeed52e9-2325-4ccb-9eb8-b4758839d539",
        "action_flag": 3,
        "change_message": ""
    }
},
{
    "model": "admin.logentry",
    "pk": 238,
    "fields": {
        "action_time": "2021-11-20T15:36:13.545Z",
        "user": 1,
        "content_type": 13,
        "object_id": "d0f57a0a-db96-4015-98bc-a89508ed8925",
        "object_repr": "d0f57a0a-db96-4015-98bc-a89508ed8925",
        "action_flag": 3,
        "change_message": ""
    }
},
{
    "model": "admin.logentry",
    "pk": 239,
    "fields": {
        "action_time": "2021-11-20T15:36:13.689Z",
        "user": 1,
        "content_type": 13,
        "object_id": "bf33aa39-247b-4f12-b34a-44e643e5e23e",
        "object_repr": "bf33aa39-247b-4f12-b34a-44e643e5e23e",
        "action_flag": 3,
        "change_message": ""
    }
},
{
    "model": "admin.logentry",
    "pk": 240,
    "fields": {
        "action_time": "2021-11-20T15:36:13.811Z",
        "user": 1,
        "content_type": 13,
        "object_id": "b1de5aad-700e-4eea-994a-2b2832a63152",
        "object_repr": "b1de5aad-700e-4eea-994a-2b2832a63152",
        "action_flag": 3,
        "change_message": ""
    }
},
{
    "model": "admin.logentry",
    "pk": 241,
    "fields": {
        "action_time": "2021-11-20T15:36:14.083Z",
        "user": 1,
        "content_type": 13,
        "object_id": "a90defcd-fd28-4338-8feb-fc49cab4cd5d",
        "object_repr": "a90defcd-fd28-4338-8feb-fc49cab4cd5d",
        "action_flag": 3,
        "change_message": ""
    }
},
{
    "model": "admin.logentry",
    "pk": 242,
    "fields": {
        "action_time": "2021-11-20T15:36:14.390Z",
        "user": 1,
        "content_type": 13,
        "object_id": "8d8b8cc0-aa69-4834-8254-c0145358ae8a",
        "object_repr": "8d8b8cc0-aa69-4834-8254-c0145358ae8a",
        "action_flag": 3,
        "change_message": ""
    }
},
{
    "model": "admin.logentry",
    "pk": 243,
    "fields": {
        "action_time": "2021-11-20T15:36:14.525Z",
        "user": 1,
        "content_type": 13,
        "object_id": "2387db6c-2079-4a44-a048-18dc2831e553",
        "object_repr": "2387db6c-2079-4a44-a048-18dc2831e553",
        "action_flag": 3,
        "change_message": ""
    }
},
{
    "model": "admin.logentry",
    "pk": 244,
    "fields": {
        "action_time": "2021-11-20T15:36:14.667Z",
        "user": 1,
        "content_type": 13,
        "object_id": "07a5cc96-6f19-41cb-895d-bdf5054d4c70",
        "object_repr": "07a5cc96-6f19-41cb-895d-bdf5054d4c70",
        "action_flag": 3,
        "change_message": ""
    }
},
{
    "model": "admin.logentry",
    "pk": 245,
    "fields": {
        "action_time": "2021-11-20T15:36:21.789Z",
        "user": 1,
        "content_type": 12,
        "object_id": "71",
        "object_repr": "71",
        "action_flag": 3,
        "change_message": ""
    }
},
{
    "model": "admin.logentry",
    "pk": 246,
    "fields": {
        "action_time": "2021-11-20T15:36:22.033Z",
        "user": 1,
        "content_type": 12,
        "object_id": "70",
        "object_repr": "70",
        "action_flag": 3,
        "change_message": ""
    }
},
{
    "model": "admin.logentry",
    "pk": 247,
    "fields": {
        "action_time": "2021-11-20T15:36:22.279Z",
        "user": 1,
        "content_type": 12,
        "object_id": "69",
        "object_repr": "69",
        "action_flag": 3,
        "change_message": ""
    }
},
{
    "model": "admin.logentry",
    "pk": 248,
    "fields": {
        "action_time": "2021-11-20T15:39:04.165Z",
        "user": 1,
        "content_type": 13,
        "object_id": "3479200b-ae63-427f-95fa-27cd2bd5a443",
        "object_repr": "3479200b-ae63-427f-95fa-27cd2bd5a443",
        "action_flag": 3,
        "change_message": ""
    }
},
{
    "model": "admin.logentry",
    "pk": 249,
    "fields": {
        "action_time": "2021-11-20T15:39:04.311Z",
        "user": 1,
        "content_type": 13,
        "object_id": "2a497894-242b-41b5-bb53-d5d2a17e4c38",
        "object_repr": "2a497894-242b-41b5-bb53-d5d2a17e4c38",
        "action_flag": 3,
        "change_message": ""
    }
},
{
    "model": "admin.logentry",
    "pk": 250,
    "fields": {
        "action_time": "2021-11-20T15:39:11.598Z",
        "user": 1,
        "content_type": 12,
        "object_id": "73",
        "object_repr": "73",
        "action_flag": 3,
        "change_message": ""
    }
},
{
    "model": "admin.logentry",
    "pk": 251,
    "fields": {
        "action_time": "2021-11-20T15:39:11.733Z",
        "user": 1,
        "content_type": 12,
        "object_id": "72",
        "object_repr": "72",
        "action_flag": 3,
        "change_message": ""
    }
},
{
    "model": "admin.logentry",
    "pk": 252,
    "fields": {
        "action_time": "2021-11-20T15:59:11.184Z",
        "user": 1,
        "content_type": 13,
        "object_id": "f69491e6-51b7-4fc6-9c79-51fe1d02db10",
        "object_repr": "f69491e6-51b7-4fc6-9c79-51fe1d02db10",
        "action_flag": 3,
        "change_message": ""
    }
},
{
    "model": "admin.logentry",
    "pk": 253,
    "fields": {
        "action_time": "2021-11-20T15:59:11.339Z",
        "user": 1,
        "content_type": 13,
        "object_id": "d2ba0def-0965-4fa0-9c7f-130f12d8c6ae",
        "object_repr": "d2ba0def-0965-4fa0-9c7f-130f12d8c6ae",
        "action_flag": 3,
        "change_message": ""
    }
},
{
    "model": "admin.logentry",
    "pk": 254,
    "fields": {
        "action_time": "2021-11-20T15:59:11.541Z",
        "user": 1,
        "content_type": 13,
        "object_id": "d1a4cc90-666f-42f1-89d2-b937a93e03db",
        "object_repr": "d1a4cc90-666f-42f1-89d2-b937a93e03db",
        "action_flag": 3,
        "change_message": ""
    }
},
{
    "model": "admin.logentry",
    "pk": 255,
    "fields": {
        "action_time": "2021-11-20T15:59:11.649Z",
        "user": 1,
        "content_type": 13,
        "object_id": "c87db226-1c56-4ff6-a002-d54c0bbc88d2",
        "object_repr": "c87db226-1c56-4ff6-a002-d54c0bbc88d2",
        "action_flag": 3,
        "change_message": ""
    }
},
{
    "model": "admin.logentry",
    "pk": 256,
    "fields": {
        "action_time": "2021-11-20T15:59:11.760Z",
        "user": 1,
        "content_type": 13,
        "object_id": "bfa7d503-dd48-4ac9-8b3f-1ec8432c99c2",
        "object_repr": "bfa7d503-dd48-4ac9-8b3f-1ec8432c99c2",
        "action_flag": 3,
        "change_message": ""
    }
},
{
    "model": "admin.logentry",
    "pk": 257,
    "fields": {
        "action_time": "2021-11-20T15:59:11.885Z",
        "user": 1,
        "content_type": 13,
        "object_id": "92aaab9d-de52-41c9-a3de-8e683f410979",
        "object_repr": "92aaab9d-de52-41c9-a3de-8e683f410979",
        "action_flag": 3,
        "change_message": ""
    }
},
{
    "model": "admin.logentry",
    "pk": 258,
    "fields": {
        "action_time": "2021-11-20T15:59:12.052Z",
        "user": 1,
        "content_type": 13,
        "object_id": "757f181f-e71c-4ad2-863c-65bc5c9604f8",
        "object_repr": "757f181f-e71c-4ad2-863c-65bc5c9604f8",
        "action_flag": 3,
        "change_message": ""
    }
},
{
    "model": "admin.logentry",
    "pk": 259,
    "fields": {
        "action_time": "2021-11-20T15:59:12.174Z",
        "user": 1,
        "content_type": 13,
        "object_id": "5d240aac-ce04-42da-8c66-1073e3438757",
        "object_repr": "5d240aac-ce04-42da-8c66-1073e3438757",
        "action_flag": 3,
        "change_message": ""
    }
},
{
    "model": "admin.logentry",
    "pk": 260,
    "fields": {
        "action_time": "2021-11-20T15:59:12.363Z",
        "user": 1,
        "content_type": 13,
        "object_id": "1435dca2-289d-4df8-9907-2108bc36875d",
        "object_repr": "1435dca2-289d-4df8-9907-2108bc36875d",
        "action_flag": 3,
        "change_message": ""
    }
},
{
    "model": "admin.logentry",
    "pk": 261,
    "fields": {
        "action_time": "2021-11-20T15:59:12.496Z",
        "user": 1,
        "content_type": 13,
        "object_id": "08bd0664-aa80-4b3c-978c-f255d4f54866",
        "object_repr": "08bd0664-aa80-4b3c-978c-f255d4f54866",
        "action_flag": 3,
        "change_message": ""
    }
},
{
    "model": "admin.logentry",
    "pk": 262,
    "fields": {
        "action_time": "2021-11-20T15:59:18.524Z",
        "user": 1,
        "content_type": 12,
        "object_id": "75",
        "object_repr": "75",
        "action_flag": 3,
        "change_message": ""
    }
},
{
    "model": "admin.logentry",
    "pk": 263,
    "fields": {
        "action_time": "2021-11-20T15:59:18.685Z",
        "user": 1,
        "content_type": 12,
        "object_id": "74",
        "object_repr": "74",
        "action_flag": 3,
        "change_message": ""
    }
},
{
    "model": "admin.logentry",
    "pk": 264,
    "fields": {
        "action_time": "2021-11-20T16:19:13.273Z",
        "user": 1,
        "content_type": 13,
        "object_id": "cde79965-270f-4d69-999e-98673ecf815a",
        "object_repr": "cde79965-270f-4d69-999e-98673ecf815a",
        "action_flag": 3,
        "change_message": ""
    }
},
{
    "model": "admin.logentry",
    "pk": 265,
    "fields": {
        "action_time": "2021-11-20T16:19:13.508Z",
        "user": 1,
        "content_type": 13,
        "object_id": "b4444b55-e9de-42a4-afa4-2ff56ddb3189",
        "object_repr": "b4444b55-e9de-42a4-afa4-2ff56ddb3189",
        "action_flag": 3,
        "change_message": ""
    }
},
{
    "model": "admin.logentry",
    "pk": 266,
    "fields": {
        "action_time": "2021-11-20T16:19:13.640Z",
        "user": 1,
        "content_type": 13,
        "object_id": "b10b867d-2396-4c3b-b42c-8e51a9d14c5b",
        "object_repr": "b10b867d-2396-4c3b-b42c-8e51a9d14c5b",
        "action_flag": 3,
        "change_message": ""
    }
},
{
    "model": "admin.logentry",
    "pk": 267,
    "fields": {
        "action_time": "2021-11-20T16:19:13.764Z",
        "user": 1,
        "content_type": 13,
        "object_id": "982f489e-b824-43a5-bde0-acab4435dd5a",
        "object_repr": "982f489e-b824-43a5-bde0-acab4435dd5a",
        "action_flag": 3,
        "change_message": ""
    }
},
{
    "model": "admin.logentry",
    "pk": 268,
    "fields": {
        "action_time": "2021-11-20T16:19:13.895Z",
        "user": 1,
        "content_type": 13,
        "object_id": "02740522-9554-42f5-980c-556db2b81937",
        "object_repr": "02740522-9554-42f5-980c-556db2b81937",
        "action_flag": 3,
        "change_message": ""
    }
},
{
    "model": "admin.logentry",
    "pk": 269,
    "fields": {
        "action_time": "2021-11-20T16:19:20.785Z",
        "user": 1,
        "content_type": 12,
        "object_id": "78",
        "object_repr": "78",
        "action_flag": 3,
        "change_message": ""
    }
},
{
    "model": "admin.logentry",
    "pk": 270,
    "fields": {
        "action_time": "2021-11-20T16:19:20.931Z",
        "user": 1,
        "content_type": 12,
        "object_id": "77",
        "object_repr": "77",
        "action_flag": 3,
        "change_message": ""
    }
},
{
    "model": "admin.logentry",
    "pk": 271,
    "fields": {
        "action_time": "2021-11-20T16:19:21.064Z",
        "user": 1,
        "content_type": 12,
        "object_id": "76",
        "object_repr": "76",
        "action_flag": 3,
        "change_message": ""
    }
},
{
    "model": "admin.logentry",
    "pk": 272,
    "fields": {
        "action_time": "2021-11-20T17:12:13.619Z",
        "user": 1,
        "content_type": 13,
        "object_id": "f3670339-dbd6-4c34-a337-9f2c64674618",
        "object_repr": "f3670339-dbd6-4c34-a337-9f2c64674618",
        "action_flag": 3,
        "change_message": ""
    }
},
{
    "model": "admin.logentry",
    "pk": 273,
    "fields": {
        "action_time": "2021-11-20T17:12:13.848Z",
        "user": 1,
        "content_type": 13,
        "object_id": "afeb8143-bcee-4bc9-8838-9ff10dcafc56",
        "object_repr": "afeb8143-bcee-4bc9-8838-9ff10dcafc56",
        "action_flag": 3,
        "change_message": ""
    }
},
{
    "model": "admin.logentry",
    "pk": 274,
    "fields": {
        "action_time": "2021-11-20T17:12:13.989Z",
        "user": 1,
        "content_type": 13,
        "object_id": "9461ec39-11b2-40a4-9053-ece05b336fcb",
        "object_repr": "9461ec39-11b2-40a4-9053-ece05b336fcb",
        "action_flag": 3,
        "change_message": ""
    }
},
{
    "model": "admin.logentry",
    "pk": 275,
    "fields": {
        "action_time": "2021-11-20T17:12:14.167Z",
        "user": 1,
        "content_type": 13,
        "object_id": "74693e7b-567d-423a-91c0-e0c24270f497",
        "object_repr": "74693e7b-567d-423a-91c0-e0c24270f497",
        "action_flag": 3,
        "change_message": ""
    }
},
{
    "model": "admin.logentry",
    "pk": 276,
    "fields": {
        "action_time": "2021-11-20T17:12:14.289Z",
        "user": 1,
        "content_type": 13,
        "object_id": "4e2165a7-9b48-463c-b8c8-27b73be90e7e",
        "object_repr": "4e2165a7-9b48-463c-b8c8-27b73be90e7e",
        "action_flag": 3,
        "change_message": ""
    }
},
{
    "model": "admin.logentry",
    "pk": 277,
    "fields": {
        "action_time": "2021-11-20T17:12:21.385Z",
        "user": 1,
        "content_type": 12,
        "object_id": "79",
        "object_repr": "79",
        "action_flag": 3,
        "change_message": ""
    }
},
{
    "model": "admin.logentry",
    "pk": 278,
    "fields": {
        "action_time": "2021-11-20T20:38:16.294Z",
        "user": 1,
        "content_type": 13,
        "object_id": "620a42d8-79b2-4278-bd37-6368c3d36260",
        "object_repr": "620a42d8-79b2-4278-bd37-6368c3d36260",
        "action_flag": 3,
        "change_message": ""
    }
},
{
    "model": "admin.logentry",
    "pk": 279,
    "fields": {
        "action_time": "2021-11-20T20:38:16.743Z",
        "user": 1,
        "content_type": 13,
        "object_id": "564648ab-8e31-4d45-a906-ea98850768d4",
        "object_repr": "564648ab-8e31-4d45-a906-ea98850768d4",
        "action_flag": 3,
        "change_message": ""
    }
},
{
    "model": "admin.logentry",
    "pk": 280,
    "fields": {
        "action_time": "2021-11-20T20:38:16.887Z",
        "user": 1,
        "content_type": 13,
        "object_id": "44e34f1f-aa31-4b5c-a436-8eddd0d379e5",
        "object_repr": "44e34f1f-aa31-4b5c-a436-8eddd0d379e5",
        "action_flag": 3,
        "change_message": ""
    }
},
{
    "model": "admin.logentry",
    "pk": 281,
    "fields": {
        "action_time": "2021-11-20T20:38:26.689Z",
        "user": 1,
        "content_type": 12,
        "object_id": "83",
        "object_repr": "83",
        "action_flag": 3,
        "change_message": ""
    }
},
{
    "model": "admin.logentry",
    "pk": 282,
    "fields": {
        "action_time": "2021-11-20T20:38:26.818Z",
        "user": 1,
        "content_type": 12,
        "object_id": "82",
        "object_repr": "82",
        "action_flag": 3,
        "change_message": ""
    }
},
{
    "model": "admin.logentry",
    "pk": 283,
    "fields": {
        "action_time": "2021-11-20T20:38:26.952Z",
        "user": 1,
        "content_type": 12,
        "object_id": "81",
        "object_repr": "81",
        "action_flag": 3,
        "change_message": ""
    }
},
{
    "model": "admin.logentry",
    "pk": 284,
    "fields": {
        "action_time": "2021-11-20T20:38:27.129Z",
        "user": 1,
        "content_type": 12,
        "object_id": "80",
        "object_repr": "80",
        "action_flag": 3,
        "change_message": ""
    }
},
{
    "model": "admin.logentry",
    "pk": 285,
    "fields": {
        "action_time": "2021-11-21T10:58:08.224Z",
        "user": 1,
        "content_type": 13,
        "object_id": "b6677fd2-8d7d-4bea-9b44-afb500cdb68b",
        "object_repr": "b6677fd2-8d7d-4bea-9b44-afb500cdb68b",
        "action_flag": 3,
        "change_message": ""
    }
},
{
    "model": "admin.logentry",
    "pk": 286,
    "fields": {
        "action_time": "2021-11-21T10:58:08.536Z",
        "user": 1,
        "content_type": 13,
        "object_id": "688b9feb-4bd0-4b23-b19a-a056b844f634",
        "object_repr": "688b9feb-4bd0-4b23-b19a-a056b844f634",
        "action_flag": 3,
        "change_message": ""
    }
},
{
    "model": "admin.logentry",
    "pk": 287,
    "fields": {
        "action_time": "2021-11-21T10:58:08.692Z",
        "user": 1,
        "content_type": 13,
        "object_id": "4aa2a44a-f031-4065-8497-a27b10e7bdc1",
        "object_repr": "4aa2a44a-f031-4065-8497-a27b10e7bdc1",
        "action_flag": 3,
        "change_message": ""
    }
},
{
    "model": "admin.logentry",
    "pk": 288,
    "fields": {
        "action_time": "2021-11-21T10:58:08.848Z",
        "user": 1,
        "content_type": 13,
        "object_id": "19b457d8-362d-466a-8462-b1dfaa040161",
        "object_repr": "19b457d8-362d-466a-8462-b1dfaa040161",
        "action_flag": 3,
        "change_message": ""
    }
},
{
    "model": "admin.logentry",
    "pk": 289,
    "fields": {
        "action_time": "2021-11-21T10:58:19.959Z",
        "user": 1,
        "content_type": 12,
        "object_id": "84",
        "object_repr": "84",
        "action_flag": 3,
        "change_message": ""
    }
},
{
    "model": "admin.logentry",
    "pk": 290,
    "fields": {
        "action_time": "2021-11-21T11:07:22.628Z",
        "user": 1,
        "content_type": 13,
        "object_id": "f87bc63a-f2a1-4f55-bcf0-81b8f985682d",
        "object_repr": "f87bc63a-f2a1-4f55-bcf0-81b8f985682d",
        "action_flag": 3,
        "change_message": ""
    }
},
{
    "model": "admin.logentry",
    "pk": 291,
    "fields": {
        "action_time": "2021-11-21T11:07:22.903Z",
        "user": 1,
        "content_type": 13,
        "object_id": "de0ba25c-8c37-46a4-85ac-5502d34adf92",
        "object_repr": "de0ba25c-8c37-46a4-85ac-5502d34adf92",
        "action_flag": 3,
        "change_message": ""
    }
},
{
    "model": "admin.logentry",
    "pk": 292,
    "fields": {
        "action_time": "2021-11-21T11:07:23.030Z",
        "user": 1,
        "content_type": 13,
        "object_id": "aad10b90-f622-4060-a26e-8b45c3ff98ea",
        "object_repr": "aad10b90-f622-4060-a26e-8b45c3ff98ea",
        "action_flag": 3,
        "change_message": ""
    }
},
{
    "model": "admin.logentry",
    "pk": 293,
    "fields": {
        "action_time": "2021-11-21T11:07:23.219Z",
        "user": 1,
        "content_type": 13,
        "object_id": "8cbe12b8-32c2-4d8a-8065-286ecbf32327",
        "object_repr": "8cbe12b8-32c2-4d8a-8065-286ecbf32327",
        "action_flag": 3,
        "change_message": ""
    }
},
{
    "model": "admin.logentry",
    "pk": 294,
    "fields": {
        "action_time": "2021-11-21T11:07:23.352Z",
        "user": 1,
        "content_type": 13,
        "object_id": "7c92ad1e-8e10-4ebc-a957-5f758365badc",
        "object_repr": "7c92ad1e-8e10-4ebc-a957-5f758365badc",
        "action_flag": 3,
        "change_message": ""
    }
},
{
    "model": "admin.logentry",
    "pk": 295,
    "fields": {
        "action_time": "2021-11-21T11:07:23.585Z",
        "user": 1,
        "content_type": 13,
        "object_id": "45b55177-8337-4f8b-973c-d0151d3c827e",
        "object_repr": "45b55177-8337-4f8b-973c-d0151d3c827e",
        "action_flag": 3,
        "change_message": ""
    }
},
{
    "model": "admin.logentry",
    "pk": 296,
    "fields": {
        "action_time": "2021-11-21T11:07:23.764Z",
        "user": 1,
        "content_type": 13,
        "object_id": "434fab4a-454f-4e35-a4ec-167cc99409f8",
        "object_repr": "434fab4a-454f-4e35-a4ec-167cc99409f8",
        "action_flag": 3,
        "change_message": ""
    }
},
{
    "model": "admin.logentry",
    "pk": 297,
    "fields": {
        "action_time": "2021-11-21T11:07:31.818Z",
        "user": 1,
        "content_type": 12,
        "object_id": "85",
        "object_repr": "85",
        "action_flag": 3,
        "change_message": ""
    }
},
{
    "model": "admin.logentry",
    "pk": 298,
    "fields": {
        "action_time": "2021-11-21T11:10:32.726Z",
        "user": 1,
        "content_type": 13,
        "object_id": "721958f7-feb6-450e-a7a8-72175accd899",
        "object_repr": "721958f7-feb6-450e-a7a8-72175accd899",
        "action_flag": 3,
        "change_message": ""
    }
},
{
    "model": "admin.logentry",
    "pk": 299,
    "fields": {
        "action_time": "2021-11-21T11:10:32.918Z",
        "user": 1,
        "content_type": 13,
        "object_id": "0053f70a-ff22-43b1-b452-e55212b06bd1",
        "object_repr": "0053f70a-ff22-43b1-b452-e55212b06bd1",
        "action_flag": 3,
        "change_message": ""
    }
},
{
    "model": "admin.logentry",
    "pk": 300,
    "fields": {
        "action_time": "2021-11-21T11:10:43.683Z",
        "user": 1,
        "content_type": 12,
        "object_id": "88",
        "object_repr": "88",
        "action_flag": 3,
        "change_message": ""
    }
},
{
    "model": "admin.logentry",
    "pk": 301,
    "fields": {
        "action_time": "2021-11-21T11:10:43.861Z",
        "user": 1,
        "content_type": 12,
        "object_id": "87",
        "object_repr": "87",
        "action_flag": 3,
        "change_message": ""
    }
},
{
    "model": "admin.logentry",
    "pk": 302,
    "fields": {
        "action_time": "2021-11-21T11:10:44.005Z",
        "user": 1,
        "content_type": 12,
        "object_id": "86",
        "object_repr": "86",
        "action_flag": 3,
        "change_message": ""
    }
},
{
    "model": "admin.logentry",
    "pk": 303,
    "fields": {
        "action_time": "2021-11-21T11:21:03.502Z",
        "user": 1,
        "content_type": 13,
        "object_id": "3c91155f-a4f3-40a4-8c23-bfacb4e0ec61",
        "object_repr": "3c91155f-a4f3-40a4-8c23-bfacb4e0ec61",
        "action_flag": 3,
        "change_message": ""
    }
},
{
    "model": "admin.logentry",
    "pk": 304,
    "fields": {
        "action_time": "2021-11-21T11:24:32.209Z",
        "user": 1,
        "content_type": 13,
        "object_id": "1",
        "object_repr": "21fe1dbcaf1d4649b80fd8216a93c6ac",
        "action_flag": 3,
        "change_message": ""
    }
},
{
    "model": "admin.logentry",
    "pk": 305,
    "fields": {
        "action_time": "2021-11-21T13:59:22.297Z",
        "user": 1,
        "content_type": 13,
        "object_id": "2",
        "object_repr": "5db7d660-82f1-44a8-bf5f-0ddb91f5636b",
        "action_flag": 2,
        "change_message": "[{\"changed\": {\"fields\": [\"Status\"]}}]"
    }
},
{
    "model": "auth.permission",
    "pk": 1,
    "fields": {
        "name": "Can add log entry",
        "content_type": 1,
        "codename": "add_logentry"
    }
},
{
    "model": "auth.permission",
    "pk": 2,
    "fields": {
        "name": "Can change log entry",
        "content_type": 1,
        "codename": "change_logentry"
    }
},
{
    "model": "auth.permission",
    "pk": 3,
    "fields": {
        "name": "Can delete log entry",
        "content_type": 1,
        "codename": "delete_logentry"
    }
},
{
    "model": "auth.permission",
    "pk": 4,
    "fields": {
        "name": "Can view log entry",
        "content_type": 1,
        "codename": "view_logentry"
    }
},
{
    "model": "auth.permission",
    "pk": 5,
    "fields": {
        "name": "Can add permission",
        "content_type": 2,
        "codename": "add_permission"
    }
},
{
    "model": "auth.permission",
    "pk": 6,
    "fields": {
        "name": "Can change permission",
        "content_type": 2,
        "codename": "change_permission"
    }
},
{
    "model": "auth.permission",
    "pk": 7,
    "fields": {
        "name": "Can delete permission",
        "content_type": 2,
        "codename": "delete_permission"
    }
},
{
    "model": "auth.permission",
    "pk": 8,
    "fields": {
        "name": "Can view permission",
        "content_type": 2,
        "codename": "view_permission"
    }
},
{
    "model": "auth.permission",
    "pk": 9,
    "fields": {
        "name": "Can add group",
        "content_type": 3,
        "codename": "add_group"
    }
},
{
    "model": "auth.permission",
    "pk": 10,
    "fields": {
        "name": "Can change group",
        "content_type": 3,
        "codename": "change_group"
    }
},
{
    "model": "auth.permission",
    "pk": 11,
    "fields": {
        "name": "Can delete group",
        "content_type": 3,
        "codename": "delete_group"
    }
},
{
    "model": "auth.permission",
    "pk": 12,
    "fields": {
        "name": "Can view group",
        "content_type": 3,
        "codename": "view_group"
    }
},
{
    "model": "auth.permission",
    "pk": 13,
    "fields": {
        "name": "Can add content type",
        "content_type": 4,
        "codename": "add_contenttype"
    }
},
{
    "model": "auth.permission",
    "pk": 14,
    "fields": {
        "name": "Can change content type",
        "content_type": 4,
        "codename": "change_contenttype"
    }
},
{
    "model": "auth.permission",
    "pk": 15,
    "fields": {
        "name": "Can delete content type",
        "content_type": 4,
        "codename": "delete_contenttype"
    }
},
{
    "model": "auth.permission",
    "pk": 16,
    "fields": {
        "name": "Can view content type",
        "content_type": 4,
        "codename": "view_contenttype"
    }
},
{
    "model": "auth.permission",
    "pk": 17,
    "fields": {
        "name": "Can add session",
        "content_type": 5,
        "codename": "add_session"
    }
},
{
    "model": "auth.permission",
    "pk": 18,
    "fields": {
        "name": "Can change session",
        "content_type": 5,
        "codename": "change_session"
    }
},
{
    "model": "auth.permission",
    "pk": 19,
    "fields": {
        "name": "Can delete session",
        "content_type": 5,
        "codename": "delete_session"
    }
},
{
    "model": "auth.permission",
    "pk": 20,
    "fields": {
        "name": "Can view session",
        "content_type": 5,
        "codename": "view_session"
    }
},
{
    "model": "auth.permission",
    "pk": 21,
    "fields": {
        "name": "Can add user",
        "content_type": 6,
        "codename": "add_user"
    }
},
{
    "model": "auth.permission",
    "pk": 22,
    "fields": {
        "name": "Can change user",
        "content_type": 6,
        "codename": "change_user"
    }
},
{
    "model": "auth.permission",
    "pk": 23,
    "fields": {
        "name": "Can delete user",
        "content_type": 6,
        "codename": "delete_user"
    }
},
{
    "model": "auth.permission",
    "pk": 24,
    "fields": {
        "name": "Can view user",
        "content_type": 6,
        "codename": "view_user"
    }
},
{
    "model": "auth.permission",
    "pk": 25,
    "fields": {
        "name": "Can add products",
        "content_type": 7,
        "codename": "add_products"
    }
},
{
    "model": "auth.permission",
    "pk": 26,
    "fields": {
        "name": "Can change products",
        "content_type": 7,
        "codename": "change_products"
    }
},
{
    "model": "auth.permission",
    "pk": 27,
    "fields": {
        "name": "Can delete products",
        "content_type": 7,
        "codename": "delete_products"
    }
},
{
    "model": "auth.permission",
    "pk": 28,
    "fields": {
        "name": "Can view products",
        "content_type": 7,
        "codename": "view_products"
    }
},
{
    "model": "auth.permission",
    "pk": 29,
    "fields": {
        "name": "Can add category",
        "content_type": 8,
        "codename": "add_category"
    }
},
{
    "model": "auth.permission",
    "pk": 30,
    "fields": {
        "name": "Can change category",
        "content_type": 8,
        "codename": "change_category"
    }
},
{
    "model": "auth.permission",
    "pk": 31,
    "fields": {
        "name": "Can delete category",
        "content_type": 8,
        "codename": "delete_category"
    }
},
{
    "model": "auth.permission",
    "pk": 32,
    "fields": {
        "name": "Can view category",
        "content_type": 8,
        "codename": "view_category"
    }
},
{
    "model": "auth.permission",
    "pk": 33,
    "fields": {
        "name": "Can add sub_ category",
        "content_type": 9,
        "codename": "add_sub_category"
    }
},
{
    "model": "auth.permission",
    "pk": 34,
    "fields": {
        "name": "Can change sub_ category",
        "content_type": 9,
        "codename": "change_sub_category"
    }
},
{
    "model": "auth.permission",
    "pk": 35,
    "fields": {
        "name": "Can delete sub_ category",
        "content_type": 9,
        "codename": "delete_sub_category"
    }
},
{
    "model": "auth.permission",
    "pk": 36,
    "fields": {
        "name": "Can view sub_ category",
        "content_type": 9,
        "codename": "view_sub_category"
    }
},
{
    "model": "auth.permission",
    "pk": 37,
    "fields": {
        "name": "Can add product",
        "content_type": 10,
        "codename": "add_product"
    }
},
{
    "model": "auth.permission",
    "pk": 38,
    "fields": {
        "name": "Can change product",
        "content_type": 10,
        "codename": "change_product"
    }
},
{
    "model": "auth.permission",
    "pk": 39,
    "fields": {
        "name": "Can delete product",
        "content_type": 10,
        "codename": "delete_product"
    }
},
{
    "model": "auth.permission",
    "pk": 40,
    "fields": {
        "name": "Can view product",
        "content_type": 10,
        "codename": "view_product"
    }
},
{
    "model": "auth.permission",
    "pk": 41,
    "fields": {
        "name": "Can add profile",
        "content_type": 11,
        "codename": "add_profile"
    }
},
{
    "model": "auth.permission",
    "pk": 42,
    "fields": {
        "name": "Can change profile",
        "content_type": 11,
        "codename": "change_profile"
    }
},
{
    "model": "auth.permission",
    "pk": 43,
    "fields": {
        "name": "Can delete profile",
        "content_type": 11,
        "codename": "delete_profile"
    }
},
{
    "model": "auth.permission",
    "pk": 44,
    "fields": {
        "name": "Can view profile",
        "content_type": 11,
        "codename": "view_profile"
    }
},
{
    "model": "auth.permission",
    "pk": 45,
    "fields": {
        "name": "Can add cart",
        "content_type": 12,
        "codename": "add_cart"
    }
},
{
    "model": "auth.permission",
    "pk": 46,
    "fields": {
        "name": "Can change cart",
        "content_type": 12,
        "codename": "change_cart"
    }
},
{
    "model": "auth.permission",
    "pk": 47,
    "fields": {
        "name": "Can delete cart",
        "content_type": 12,
        "codename": "delete_cart"
    }
},
{
    "model": "auth.permission",
    "pk": 48,
    "fields": {
        "name": "Can view cart",
        "content_type": 12,
        "codename": "view_cart"
    }
},
{
    "model": "auth.permission",
    "pk": 49,
    "fields": {
        "name": "Can add order",
        "content_type": 13,
        "codename": "add_order"
    }
},
{
    "model": "auth.permission",
    "pk": 50,
    "fields": {
        "name": "Can change order",
        "content_type": 13,
        "codename": "change_order"
    }
},
{
    "model": "auth.permission",
    "pk": 51,
    "fields": {
        "name": "Can delete order",
        "content_type": 13,
        "codename": "delete_order"
    }
},
{
    "model": "auth.permission",
    "pk": 52,
    "fields": {
        "name": "Can view order",
        "content_type": 13,
        "codename": "view_order"
    }
},
{
    "model": "auth.group",
    "pk": 1,
    "fields": {
        "name": "admin",
        "permissions": []
    }
},
{
    "model": "auth.group",
    "pk": 2,
    "fields": {
        "name": "customers",
        "permissions": []
    }
},
{
    "model": "contenttypes.contenttype",
    "pk": 1,
    "fields": {
        "app_label": "admin",
        "model": "logentry"
    }
},
{
    "model": "contenttypes.contenttype",
    "pk": 2,
    "fields": {
        "app_label": "auth",
        "model": "permission"
    }
},
{
    "model": "contenttypes.contenttype",
    "pk": 3,
    "fields": {
        "app_label": "auth",
        "model": "group"
    }
},
{
    "model": "contenttypes.contenttype",
    "pk": 4,
    "fields": {
        "app_label": "contenttypes",
        "model": "contenttype"
    }
},
{
    "model": "contenttypes.contenttype",
    "pk": 5,
    "fields": {
        "app_label": "sessions",
        "model": "session"
    }
},
{
    "model": "contenttypes.contenttype",
    "pk": 6,
    "fields": {
        "app_label": "users",
        "model": "user"
    }
},
{
    "model": "contenttypes.contenttype",
    "pk": 7,
    "fields": {
        "app_label": "products",
        "model": "products"
    }
},
{
    "model": "contenttypes.contenttype",
    "pk": 8,
    "fields": {
        "app_label": "products",
        "model": "category"
    }
},
{
    "model": "contenttypes.contenttype",
    "pk": 9,
    "fields": {
        "app_label": "products",
        "model": "sub_category"
    }
},
{
    "model": "contenttypes.contenttype",
    "pk": 10,
    "fields": {
        "app_label": "products",
        "model": "product"
    }
},
{
    "model": "contenttypes.contenttype",
    "pk": 11,
    "fields": {
        "app_label": "users",
        "model": "profile"
    }
},
{
    "model": "contenttypes.contenttype",
    "pk": 12,
    "fields": {
        "app_label": "products",
        "model": "cart"
    }
},
{
    "model": "contenttypes.contenttype",
    "pk": 13,
    "fields": {
        "app_label": "products",
        "model": "order"
    }
},
{
    "model": "sessions.session",
    "pk": "1oor1j4foiy9zy9tniw7uvy1hro6ulv7",
    "fields": {
        "session_data": ".eJxVjE0OwiAYBe_C2hCgpVCX7j0D-f4qVQNJaVfGu2uTLnT7Zua9VIJtzWlrsqSZ1VlZdfrdEOghZQd8h3KrmmpZlxn1ruiDNn2tLM_L4f4dZGj5WxN6Y9lLFOf6wESWMY5gDPRdgCkI-QG6OHgiRgRAQEZnwySdd6OQen8ACxc5Zw:1mcTTK:GX-zwtVYU8EGSYmn2pROPJYYN0UQNKOytXCDZagMBPw",
        "expire_date": "2021-11-01T14:18:38.336Z"
    }
},
{
    "model": "sessions.session",
    "pk": "2t0liysoejjwsoxm82zsltg1ldcew2up",
    "fields": {
        "session_data": ".eJxVjE0OwiAYBe_C2hCgpVCX7j0D-f4qVQNJaVfGu2uTLnT7Zua9VIJtzWlrsqSZ1VlZdfrdEOghZQd8h3KrmmpZlxn1ruiDNn2tLM_L4f4dZGj5WxN6Y9lLFOf6wESWMY5gDPRdgCkI-QG6OHgiRgRAQEZnwySdd6OQen8ACxc5Zw:1mnIcG:5mrWegJLo5vGgZbP5pzELH6CYnd-JcqH-tqlfHYOSTA",
        "expire_date": "2021-12-01T10:56:36.302Z"
    }
},
{
    "model": "sessions.session",
    "pk": "6x8lbc5o1wxkju3t11x4v8t0miyextkl",
    "fields": {
        "session_data": ".eJxVjE0OwiAYBe_C2hCgpVCX7j0D-f4qVQNJaVfGu2uTLnT7Zua9VIJtzWlrsqSZ1VlZdfrdEOghZQd8h3KrmmpZlxn1ruiDNn2tLM_L4f4dZGj5WxN6Y9lLFOf6wESWMY5gDPRdgCkI-QG6OHgiRgRAQEZnwySdd6OQen8ACxc5Zw:1mbpHH:WFwSIpyTS1EPhaifK3qXRKoJddNdRVrCd8g3Z_9zABE",
        "expire_date": "2021-10-30T19:23:31.374Z"
    }
},
{
    "model": "sessions.session",
    "pk": "7j5yli1513tdazjdqcizgscajo383rrx",
    "fields": {
        "session_data": ".eJxVjE0OwiAYBe_C2hCgpVCX7j0D-f4qVQNJaVfGu2uTLnT7Zua9VIJtzWlrsqSZ1VlZdfrdEOghZQd8h3KrmmpZlxn1ruiDNn2tLM_L4f4dZGj5WxN6Y9lLFOf6wESWMY5gDPRdgCkI-QG6OHgiRgRAQEZnwySdd6OQen8ACxc5Zw:1mbmsn:f7C0qSFws8W2FkaQ2njoR6625k_Eurl1ieKuVak89lg",
        "expire_date": "2021-10-30T16:50:05.079Z"
    }
},
{
    "model": "sessions.session",
    "pk": "8afgbj9quo6c69889hodcbt3ypqqsh7h",
    "fields": {
        "session_data": ".eJxVjE0OwiAYBe_C2hCgpVCX7j0D-f4qVQNJaVfGu2uTLnT7Zua9VIJtzWlrsqSZ1VlZdfrdEOghZQd8h3KrmmpZlxn1ruiDNn2tLM_L4f4dZGj5WxN6Y9lLFOf6wESWMY5gDPRdgCkI-QG6OHgiRgRAQEZnwySdd6OQen8ACxc5Zw:1mVcu9:hdKszfUObjGfKMlNUy9igaRXy5Ps6S_1NWYsYGjKAmc",
        "expire_date": "2021-10-13T16:58:01.903Z"
    }
},
{
    "model": "sessions.session",
    "pk": "8wp29l5uvoo5cy619d8xsojvuy7dlh7a",
    "fields": {
        "session_data": ".eJxVjE0OwiAYBe_C2hCgpVCX7j0D-f4qVQNJaVfGu2uTLnT7Zua9VIJtzWlrsqSZ1VlZdfrdEOghZQd8h3KrmmpZlxn1ruiDNn2tLM_L4f4dZGj5WxN6Y9lLFOf6wESWMY5gDPRdgCkI-QG6OHgiRgRAQEZnwySdd6OQen8ACxc5Zw:1mXONA:HKgqTCe7OB6k6x1sa-2quyUHO0JJJEM2GVwTD-hBDcs",
        "expire_date": "2021-10-18T13:51:16.177Z"
    }
},
{
    "model": "sessions.session",
    "pk": "c4qygc0td5spmyxc3akiktjfx6rtvcz7",
    "fields": {
        "session_data": ".eJxVjE0OwiAYBe_C2hCgpVCX7j0D-f4qVQNJaVfGu2uTLnT7Zua9VIJtzWlrsqSZ1VlZdfrdEOghZQd8h3KrmmpZlxn1ruiDNn2tLM_L4f4dZGj5WxN6Y9lLFOf6wESWMY5gDPRdgCkI-QG6OHgiRgRAQEZnwySdd6OQen8ACxc5Zw:1mopRQ:H6WhSUb9qzOLYAfW7Ut8WKZ21fKuIvqd9zXH0ejzi_w",
        "expire_date": "2021-12-05T16:11:44.813Z"
    }
},
{
    "model": "sessions.session",
    "pk": "h1uba4ppai5fttte0uskpj1gzfkjgjj9",
    "fields": {
        "session_data": ".eJxVjE0OwiAYBe_C2hCgpVCX7j0D-f4qVQNJaVfGu2uTLnT7Zua9VIJtzWlrsqSZ1VlZdfrdEOghZQd8h3KrmmpZlxn1ruiDNn2tLM_L4f4dZGj5WxN6Y9lLFOf6wESWMY5gDPRdgCkI-QG6OHgiRgRAQEZnwySdd6OQen8ACxc5Zw:1miDYp:O81sFP1t_t5c-32WQEoK9izrgpslWyRBmzVUMc1V8zs",
        "expire_date": "2021-11-17T10:32:03.015Z"
    }
},
{
    "model": "sessions.session",
    "pk": "ij4hgnpgc7ho3vga8udg72j2nshlg3p9",
    "fields": {
        "session_data": ".eJxVjE0OwiAYBe_C2hCgpVCX7j0D-f4qVQNJaVfGu2uTLnT7Zua9VIJtzWlrsqSZ1VlZdfrdEOghZQd8h3KrmmpZlxn1ruiDNn2tLM_L4f4dZGj5WxN6Y9lLFOf6wESWMY5gDPRdgCkI-QG6OHgiRgRAQEZnwySdd6OQen8ACxc5Zw:1mWj2J:ZZMX6-t2MdC7vZC6nQlAsRqxOfUaMo47iLtSQi3ypCg",
        "expire_date": "2021-10-16T17:42:59.513Z"
    }
},
{
    "model": "sessions.session",
    "pk": "qjb213vsp19easyya5ecbi68gageclgz",
    "fields": {
        "session_data": ".eJxVjMsOwiAQRf-FtSF2Cgy4dN9vIDM8pGogKe3K-O_apAvd3nPOfQlP21r81tPi5yguwojT78YUHqnuIN6p3poMra7LzHJX5EG7nFpMz-vh_h0U6uVbo8vsOOeMCNm6hDmyHrVBUMMwsgWMNIIjA0xnFZCC1ikFC9Ypq7QS7w_1ETfK:1moPCf:90N3izYkWVo4H5nM7hQF4jqvbE-TBMYH9YiECO2O1As",
        "expire_date": "2021-12-04T12:10:45.957Z"
    }
},
{
    "model": "sessions.session",
    "pk": "skbsizzj23a2ewvdi5b4gkjkg7urpw15",
    "fields": {
        "session_data": ".eJxVjEEOwiAQAP_C2ZAFuq149O4bCOwuUjU0Ke3J-HdD0oNeZybzViHuWwl7kzXMrC7KGHX6hSnSU2o3_Ij1vmha6rbOSfdEH7bp28Lyuh7t36DEVvqXLDhGMTCcXQRvMiMLCRrnLUEGi6MbPOWccBLBMWHPEhoGmRyrzxf5aDfv:1mktLj:iqJ_5MGQ0tMLq3Jf9AfjU5NZMyhmUqX66HyGUikUwmI",
        "expire_date": "2021-11-24T19:33:35.650Z"
    }
},
{
    "model": "sessions.session",
    "pk": "uc7lon2gevltuaj3htb42b2hzjxfjxr5",
    "fields": {
        "session_data": ".eJxVjMsOwiAQRf-FtSF2Cgy4dN9vIDM8pGogKe3K-O_apAvd3nPOfQlP21r81tPi5yguwojT78YUHqnuIN6p3poMra7LzHJX5EG7nFpMz-vh_h0U6uVbo8vsOOeMCNm6hDmyHrVBUMMwsgWMNIIjA0xnFZCC1ikFC9Ypq7QS7w_1ETfK:1mnRBR:L_1GTfWXfAJ722Cy0f_Q9tT9ltbEp5fS9UG-V701s2E",
        "expire_date": "2021-12-01T20:05:29.329Z"
    }
},
{
    "model": "sessions.session",
    "pk": "w8uyikgywt8ubr11wwuju4amltiiumwj",
    "fields": {
        "session_data": ".eJxVjE0OwiAYBe_C2hCgpVCX7j0D-f4qVQNJaVfGu2uTLnT7Zua9VIJtzWlrsqSZ1VlZdfrdEOghZQd8h3KrmmpZlxn1ruiDNn2tLM_L4f4dZGj5WxN6Y9lLFOf6wESWMY5gDPRdgCkI-QG6OHgiRgRAQEZnwySdd6OQen8ACxc5Zw:1mbpK5:fXYI9HdUhfPKT4sODkKLNkhXHv0zZhH8cOPhQgTJ7ls",
        "expire_date": "2021-10-30T19:26:25.800Z"
    }
},
{
    "model": "sessions.session",
    "pk": "x80u5nvcjrlpbtrevi9ycrftchengjjm",
    "fields": {
        "session_data": ".eJxVjE0OwiAYBe_C2hCgpVCX7j0D-f4qVQNJaVfGu2uTLnT7Zua9VIJtzWlrsqSZ1VlZdfrdEOghZQd8h3KrmmpZlxn1ruiDNn2tLM_L4f4dZGj5WxN6Y9lLFOf6wESWMY5gDPRdgCkI-QG6OHgiRgRAQEZnwySdd6OQen8ACxc5Zw:1mbpDv:Cx0yIC4_I3Y7-xKKrORo-u1LXOdA9IyJ8KMVj0XcGik",
        "expire_date": "2021-10-30T19:20:03.282Z"
    }
},
{
    "model": "sessions.session",
    "pk": "yh4ms4wk2m17byrzi336u7ful52u92sv",
    "fields": {
        "session_data": ".eJxVjE0OwiAYBe_C2hCgpVCX7j0D-f4qVQNJaVfGu2uTLnT7Zua9VIJtzWlrsqSZ1VlZdfrdEOghZQd8h3KrmmpZlxn1ruiDNn2tLM_L4f4dZGj5WxN6Y9lLFOf6wESWMY5gDPRdgCkI-QG6OHgiRgRAQEZnwySdd6OQen8ACxc5Zw:1mgonK:IgFlLI1PkU3GzreSaU7l6AMVSGSDvPA3JEw2eMyn6fg",
        "expire_date": "2021-11-13T13:53:14.269Z"
    }
},
{
    "model": "sessions.session",
    "pk": "yploq3308m18jooghpqquk8m2it13oqz",
    "fields": {
        "session_data": ".eJxVjE0OwiAYBe_C2hCgpVCX7j0D-f4qVQNJaVfGu2uTLnT7Zua9VIJtzWlrsqSZ1VlZdfrdEOghZQd8h3KrmmpZlxn1ruiDNn2tLM_L4f4dZGj5WxN6Y9lLFOf6wESWMY5gDPRdgCkI-QG6OHgiRgRAQEZnwySdd6OQen8ACxc5Zw:1mfkJA:S5bccTItKYdDa4myCEwvGn6cvM6ZydirMQDyfAOOBPo",
        "expire_date": "2021-11-10T14:53:40.630Z"
    }
},
{
    "model": "sessions.session",
    "pk": "z9uptafjf37ai93r8y9xr77buytv9k9m",
    "fields": {
        "session_data": ".eJxVjE0OwiAYBe_C2hCgpVCX7j0D-f4qVQNJaVfGu2uTLnT7Zua9VIJtzWlrsqSZ1VlZdfrdEOghZQd8h3KrmmpZlxn1ruiDNn2tLM_L4f4dZGj5WxN6Y9lLFOf6wESWMY5gDPRdgCkI-QG6OHgiRgRAQEZnwySdd6OQen8ACxc5Zw:1mWjTt:aXt2cKy2DbPdvucIb2G07-XCFKsRkAmxIf70uSSZGr4",
        "expire_date": "2021-10-16T18:11:29.620Z"
    }
},
{
    "model": "users.user",
    "pk": 1,
    "fields": {
        "password": "pbkdf2_sha256$260000$teJzcTUwJ0p0ir6SLxpuFl$DlG+zmB5y7TLCf7vIst/8Gao53xVi9A72bkpRVXOGn0=",
        "last_login": "2021-11-21T16:11:44.712Z",
        "is_superuser": true,
        "first_name": "",
        "last_name": "",
        "is_staff": true,
        "is_active": true,
        "date_joined": "2021-09-29T15:55:57Z",
        "user_role": "Admin",
        "email": "admin@email.com",
        "groups": [
            1
        ],
        "user_permissions": []
    }
},
{
    "model": "users.user",
    "pk": 6,
    "fields": {
        "password": "pbkdf2_sha256$260000$aHfiPw5PdsyplkWDoUil9r$9kMoh0UwXs3Ba85oUH2mzULwF3jL6SZKAbAi0V8/Pp8=",
        "last_login": "2021-11-21T10:58:56.103Z",
        "is_superuser": false,
        "first_name": "",
        "last_name": "",
        "is_staff": false,
        "is_active": true,
        "date_joined": "2021-09-29T16:04:44.762Z",
        "user_role": "General",
        "email": "steve@email.com",
        "groups": [
            2
        ],
        "user_permissions": []
    }
},
{
    "model": "users.user",
    "pk": 7,
    "fields": {
        "password": "pbkdf2_sha256$260000$3zt452ZU85ecRMOBBdXXFD$p63xn2KSpvx3mAqZW9xzvlf4NjByn/tdpa3LK5A582Y=",
        "last_login": null,
        "is_superuser": false,
        "first_name": "",
        "last_name": "",
        "is_staff": false,
        "is_active": true,
        "date_joined": "2021-10-04T13:33:39.389Z",
        "user_role": "General",
        "email": "testone@email.com",
        "groups": [
            2
        ],
        "user_permissions": []
    }
},
{
    "model": "users.user",
    "pk": 8,
    "fields": {
        "password": "pbkdf2_sha256$260000$abLUw5W03NNzaBVF6cMbWv$X9irOr/ncEWaoX7YM9hZymJRM2zTp7Ky0KmaVR5qddA=",
        "last_login": "2021-10-04T13:42:12.795Z",
        "is_superuser": false,
        "first_name": "",
        "last_name": "",
        "is_staff": false,
        "is_active": true,
        "date_joined": "2021-10-04T13:41:57.560Z",
        "user_role": "General",
        "email": "david@email.com",
        "groups": [
            2
        ],
        "user_permissions": []
    }
},
{
    "model": "users.user",
    "pk": 9,
    "fields": {
        "password": "pbkdf2_sha256$260000$pJRseAUaiXkqK6D7bVZepZ$Mrt5RIWviFmSylO5TLFU2x2Sx0C4WTFPm42Lvbucx80=",
        "last_login": "2021-10-28T19:25:05.309Z",
        "is_superuser": false,
        "first_name": "",
        "last_name": "",
        "is_staff": false,
        "is_active": true,
        "date_joined": "2021-10-28T19:24:59.149Z",
        "user_role": "General",
        "email": "testuser1@email.com",
        "groups": [
            2
        ],
        "user_permissions": []
    }
},
{
    "model": "users.user",
    "pk": 10,
    "fields": {
        "password": "pbkdf2_sha256$260000$eZ3PtZjJ0Tjg36tYLDEEK8$M69e9wQIZjPrkQTmECl55y8scXjvjiXGa1237W5pUE4=",
        "last_login": "2021-10-30T12:53:28.367Z",
        "is_superuser": false,
        "first_name": "",
        "last_name": "",
        "is_staff": false,
        "is_active": true,
        "date_joined": "2021-10-30T12:53:19.790Z",
        "user_role": "General",
        "email": "wahabzada2015@gmail.com",
        "groups": [
            2
        ],
        "user_permissions": []
    }
},
{
    "model": "users.user",
    "pk": 11,
    "fields": {
        "password": "pbkdf2_sha256$260000$lSdbbglVCxyncevIzEQ9tc$G23Pl5Th9esn8FMhO5QMiIxA/nExJOTq3852UjWWnbQ=",
        "last_login": "2021-11-17T12:15:48.499Z",
        "is_superuser": false,
        "first_name": "",
        "last_name": "",
        "is_staff": false,
        "is_active": true,
        "date_joined": "2021-11-10T19:33:14.453Z",
        "user_role": "General",
        "email": "stuart@email.com",
        "groups": [
            2
        ],
        "user_permissions": []
    }
},
{
    "model": "users.user",
    "pk": 12,
    "fields": {
        "password": "pbkdf2_sha256$260000$YjiRLeHjbzWskrBzaTMqqR$6os2CZxEECJuOkWwDVhcrlJp7N5Hj9lJwW//VpmkX/k=",
        "last_login": "2021-11-21T17:34:56.306Z",
        "is_superuser": false,
        "first_name": "Michael",
        "last_name": "Clarke",
        "is_staff": false,
        "is_active": true,
        "date_joined": "2021-11-21T17:34:44.160Z",
        "user_role": "General",
        "email": "clarke@email.com",
        "groups": [
            2
        ],
        "user_permissions": []
    }
},
{
    "model": "users.profile",
    "pk": 1,
    "fields": {
        "user": 7,
        "profile_image": "default.jpg"
    }
},
{
    "model": "users.profile",
    "pk": 2,
    "fields": {
        "user": 8,
        "profile_image": "default.jpg"
    }
},
{
    "model": "users.profile",
    "pk": 3,
    "fields": {
        "user": 9,
        "profile_image": "default.jpg"
    }
},
{
    "model": "users.profile",
    "pk": 4,
    "fields": {
        "user": 10,
        "profile_image": "default.jpg"
    }
},
{
    "model": "users.profile",
    "pk": 5,
    "fields": {
        "user": 11,
        "profile_image": "default.jpg"
    }
},
{
    "model": "users.profile",
    "pk": 6,
    "fields": {
        "user": 12,
        "profile_image": "default.jpg"
    }
},
{
    "model": "products.category",
    "pk": 1,
    "fields": {
        "cat_name": "Furniture"
    }
},
{
    "model": "products.category",
    "pk": 2,
    "fields": {
        "cat_name": "ElectricAppliances"
    }
},
{
    "model": "products.category",
    "pk": 3,
    "fields": {
        "cat_name": "FitnessEquipment"
    }
},
{
    "model": "products.category",
    "pk": 4,
    "fields": {
        "cat_name": "Crockery"
    }
},
{
    "model": "products.sub_category",
    "pk": 1,
    "fields": {
        "category": 1,
        "sub_category": "Bed"
    }
},
{
    "model": "products.sub_category",
    "pk": 2,
    "fields": {
        "category": 1,
        "sub_category": "Sofa"
    }
},
{
    "model": "products.sub_category",
    "pk": 3,
    "fields": {
        "category": 1,
        "sub_category": "DiningTable"
    }
},
{
    "model": "products.sub_category",
    "pk": 4,
    "fields": {
        "category": 1,
        "sub_category": "Table"
    }
},
{
    "model": "products.sub_category",
    "pk": 5,
    "fields": {
        "category": 1,
        "sub_category": "Chairs"
    }
},
{
    "model": "products.sub_category",
    "pk": 6,
    "fields": {
        "category": 1,
        "sub_category": "DressingTable"
    }
},
{
    "model": "products.sub_category",
    "pk": 7,
    "fields": {
        "category": 2,
        "sub_category": "AirConditioner"
    }
},
{
    "model": "products.sub_category",
    "pk": 8,
    "fields": {
        "category": 2,
        "sub_category": "Fan"
    }
},
{
    "model": "products.sub_category",
    "pk": 10,
    "fields": {
        "category": 2,
        "sub_category": "Microwave"
    }
},
{
    "model": "products.sub_category",
    "pk": 11,
    "fields": {
        "category": 2,
        "sub_category": "Electric Kettle"
    }
},
{
    "model": "products.sub_category",
    "pk": 12,
    "fields": {
        "category": 2,
        "sub_category": "Water Dispenser"
    }
},
{
    "model": "products.sub_category",
    "pk": 13,
    "fields": {
        "category": 3,
        "sub_category": "Tredmill"
    }
},
{
    "model": "products.sub_category",
    "pk": 15,
    "fields": {
        "category": 3,
        "sub_category": "CyclingMachine"
    }
},
{
    "model": "products.sub_category",
    "pk": 18,
    "fields": {
        "category": 3,
        "sub_category": "Punching Bag"
    }
},
{
    "model": "products.sub_category",
    "pk": 20,
    "fields": {
        "category": 3,
        "sub_category": "Commando Machine"
    }
},
{
    "model": "products.sub_category",
    "pk": 21,
    "fields": {
        "category": 3,
        "sub_category": "Butterfly Machine"
    }
},
{
    "model": "products.sub_category",
    "pk": 24,
    "fields": {
        "category": 4,
        "sub_category": "Cabinets"
    }
},
{
    "model": "products.sub_category",
    "pk": 25,
    "fields": {
        "category": 4,
        "sub_category": "Electric Stove"
    }
},
{
    "model": "products.product",
    "pk": 1,
    "fields": {
        "prod_cat": 1,
        "prod_sub": 1,
        "product_name": "Double Beds",
        "product_desc": "Lorem Ipsum is simply dummy text of the printing and typesetting industry. Lorem Ipsum has been the industry's standard dummy text ever since the 1500s, when an unknown printer took a galley of type and scrambled it to make a type specimen book. It has su",
        "prod_img": "item_pics/bed_3.jpg",
        "product_price": 35.0,
        "product_quantity": 10,
        "timePeriod": 1
    }
},
{
    "model": "products.product",
    "pk": 2,
    "fields": {
        "prod_cat": 1,
        "prod_sub": 1,
        "product_name": "Double Story Bed",
        "product_desc": "Lorem Ipsum is simply dummy text of the printing and typesetting industry. Lorem Ipsum has been the industry's standard dummy text ever since the 1500s, when an unknown printer took a galley of type and scrambled it to make a type specimen book. It has su",
        "prod_img": "item_pics/bed_5.jpg",
        "product_price": 30.0,
        "product_quantity": 10,
        "timePeriod": 1
    }
},
{
    "model": "products.product",
    "pk": 3,
    "fields": {
        "prod_cat": 1,
        "prod_sub": 1,
        "product_name": "Dark Brown Wooden Bed",
        "product_desc": "Lorem Ipsum is simply dummy text of the printing and typesetting industry. Lorem Ipsum has been the industry's standard dummy text ever since the 1500s, when an unknown printer took a galley of type and scrambled it to make a type specimen book. It has su",
        "prod_img": "item_pics/bed_2.jpg",
        "product_price": 20.0,
        "product_quantity": 10,
        "timePeriod": 1
    }
},
{
    "model": "products.product",
    "pk": 4,
    "fields": {
        "prod_cat": 1,
        "prod_sub": 1,
        "product_name": "Couple Bed",
        "product_desc": "Lorem Ipsum is simply dummy text of the printing and typesetting industry. Lorem Ipsum has been the industry's standard dummy text ever since the 1500s, when an unknown printer took a galley of type and scrambled it to make a type specimen book. It has su",
        "prod_img": "item_pics/bed_4.jpg",
        "product_price": 50.0,
        "product_quantity": 10,
        "timePeriod": 1
    }
},
{
    "model": "products.product",
    "pk": 5,
    "fields": {
        "prod_cat": 2,
        "prod_sub": 2,
        "product_name": "Single Sofa",
        "product_desc": "Lorem Ipsum is simply dummy text of the printing and typesetting industry. Lorem Ipsum has been the industry's standard dummy text ever since the 1500s, when an unknown printer took a galley of type and scrambled it to make a type specimen book. It has su",
        "prod_img": "item_pics/sofa_4.jpg",
        "product_price": 15.5,
        "product_quantity": 10,
        "timePeriod": 1
    }
},
{
    "model": "products.product",
    "pk": 6,
    "fields": {
        "prod_cat": 1,
        "prod_sub": 2,
        "product_name": "Comfortable Sofa",
        "product_desc": "Lorem Ipsum is simply dummy text of the printing and typesetting industry. Lorem Ipsum has been the industry's standard dummy text ever since the 1500s, when an unknown printer took a galley of type and scrambled it to make a type specimen book. It has su",
        "prod_img": "item_pics/sofa_2.jpg",
        "product_price": 20.0,
        "product_quantity": 10,
        "timePeriod": 1
    }
},
{
    "model": "products.product",
    "pk": 7,
    "fields": {
        "prod_cat": 1,
        "prod_sub": 2,
        "product_name": "Rounded Single Sofa",
        "product_desc": "Lorem Ipsum is simply dummy text of the printing and typesetting industry. Lorem Ipsum has been the industry's standard dummy text ever since the 1500s, when an unknown printer took a galley of type and scrambled it to make a type specimen book. It has su",
        "prod_img": "item_pics/sofa_5.jpg",
        "product_price": 23.0,
        "product_quantity": 10,
        "timePeriod": 1
    }
},
{
    "model": "products.product",
    "pk": 8,
    "fields": {
        "prod_cat": 2,
        "prod_sub": 7,
        "product_name": "Central Air Conditioner",
        "product_desc": "Lorem Ipsum is simply dummy text of the printing and typesetting industry. Lorem Ipsum has been the industry's standard dummy text ever since the 1500s, when an unknown printer took a galley of type and scrambled it to make a type specimen book. It has su",
        "prod_img": "item_pics/Central-AC.jpg",
        "product_price": 100.0,
        "product_quantity": 10,
        "timePeriod": 1
    }
},
{
    "model": "products.product",
    "pk": 9,
    "fields": {
        "prod_cat": 2,
        "prod_sub": 7,
        "product_name": "Ductless Mini-Split",
        "product_desc": "Lorem Ipsum is simply dummy text of the printing and typesetting industry. Lorem Ipsum has been the industry's standard dummy text ever since the 1500s, when an unknown printer took a galley of type and scrambled it to make a type specimen book. It has su",
        "prod_img": "item_pics/Ductless-mini-split.jpg",
        "product_price": 75.0,
        "product_quantity": 10,
        "timePeriod": 1
    }
},
{
    "model": "products.product",
    "pk": 10,
    "fields": {
        "prod_cat": 2,
        "prod_sub": 7,
        "product_name": "Window Air Conditioner",
        "product_desc": "Lorem Ipsum is simply dummy text of the printing and typesetting industry. Lorem Ipsum has been the industry's standard dummy text ever since the 1500s, when an unknown printer took a galley of type and scrambled it to make a type specimen book. It has su",
        "prod_img": "item_pics/Window-AC-Cielo.jpg",
        "product_price": 80.0,
        "product_quantity": 10,
        "timePeriod": 1
    }
},
{
    "model": "products.product",
    "pk": 11,
    "fields": {
        "prod_cat": 2,
        "prod_sub": 8,
        "product_name": "Tower Fans",
        "product_desc": "Lorem Ipsum is simply dummy text of the printing and typesetting industry. Lorem Ipsum has been the industry's standard dummy text ever since the 1500s, when an unknown printer took a galley of type and scrambled it to make a type specimen book. It has su",
        "prod_img": "item_pics/Tower-Fans.jpg",
        "product_price": 60.0,
        "product_quantity": 10,
        "timePeriod": 1
    }
},
{
    "model": "products.product",
    "pk": 12,
    "fields": {
        "prod_cat": 2,
        "prod_sub": 8,
        "product_name": "Pedestal Fans",
        "product_desc": "Lorem Ipsum is simply dummy text of the printing and typesetting industry. Lorem Ipsum has been the industry's standard dummy text ever since the 1500s, when an unknown printer took a galley of type and scrambled it to make a type specimen book. It has su",
        "prod_img": "item_pics/Pedestal-Fans.jpg",
        "product_price": 20.0,
        "product_quantity": 10,
        "timePeriod": 1
    }
},
{
    "model": "products.product",
    "pk": 13,
    "fields": {
        "prod_cat": 2,
        "prod_sub": 8,
        "product_name": "Ceiling Fan",
        "product_desc": "Lorem Ipsum is simply dummy text of the printing and typesetting industry. Lorem Ipsum has been the industry's standard dummy text ever since the 1500s, when an unknown printer took a galley of type and scrambled it to make a type specimen book. It has su",
        "prod_img": "item_pics/AC-Motor-Ceiling-Fans.jpg",
        "product_price": 35.5,
        "product_quantity": 10,
        "timePeriod": 1
    }
},
{
    "model": "products.product",
    "pk": 14,
    "fields": {
        "prod_cat": 2,
        "prod_sub": 10,
        "product_name": "CounterTop Microwave",
        "product_desc": "Lorem Ipsum is simply dummy text of the printing and typesetting industry. Lorem Ipsum has been the industry's standard dummy text ever since the 1500s, when an unknown printer took a galley of type and scrambled it to make a type specimen book. It has su",
        "prod_img": "item_pics/microwave-on-counter-in-kitchen-870x650.jpg",
        "product_price": 40.5,
        "product_quantity": 10,
        "timePeriod": 1
    }
},
{
    "model": "products.product",
    "pk": 15,
    "fields": {
        "prod_cat": 2,
        "prod_sub": 10,
        "product_name": "Above The Range",
        "product_desc": "Lorem Ipsum is simply dummy text of the printing and typesetting industry. Lorem Ipsum has been the industry's standard dummy text ever since the 1500s, when an unknown printer took a galley of type and scrambled it to make a type specimen book. It has su",
        "prod_img": "item_pics/microwave-above-range-as-range-hood-870x582.jpg",
        "product_price": 50.0,
        "product_quantity": 10,
        "timePeriod": 1
    }
},
{
    "model": "products.product",
    "pk": 16,
    "fields": {
        "prod_cat": 2,
        "prod_sub": 11,
        "product_name": "Electric Kettle",
        "product_desc": "Lorem Ipsum is simply dummy text of the printing and typesetting industry. Lorem Ipsum has been the industry's standard dummy text ever since the 1500s, when an unknown printer took a galley of type and scrambled it to make a type specimen book. It has su",
        "prod_img": "item_pics/electric-kettle.jpg",
        "product_price": 40.0,
        "product_quantity": 10,
        "timePeriod": 1
    }
},
{
    "model": "products.product",
    "pk": 17,
    "fields": {
        "prod_cat": 2,
        "prod_sub": 12,
        "product_name": "Mounted Dispenser",
        "product_desc": "Lorem Ipsum is simply dummy text of the printing and typesetting industry. Lorem Ipsum has been the industry's standard dummy text ever since the 1500s, when an unknown printer took a galley of type and scrambled it to make a type specimen book. It has su",
        "prod_img": "item_pics/mounted-dispenser.jpg",
        "product_price": 60.0,
        "product_quantity": 10,
        "timePeriod": 1
    }
},
{
    "model": "products.product",
    "pk": 18,
    "fields": {
        "prod_cat": 2,
        "prod_sub": 12,
        "product_name": "Normal Water Dispenser",
        "product_desc": "Lorem Ipsum is simply dummy text of the printing and typesetting industry. Lorem Ipsum has been the industry's standard dummy text ever since the 1500s, when an unknown printer took a galley of type and scrambled it to make a type specimen book. It has su",
        "prod_img": "item_pics/normal-dispenser.jpeg",
        "product_price": 30.0,
        "product_quantity": 10,
        "timePeriod": 1
    }
},
{
    "model": "products.product",
    "pk": 19,
    "fields": {
        "prod_cat": 3,
        "prod_sub": 15,
        "product_name": "Cycling Machine Type 1",
        "product_desc": "Lorem Ipsum is simply dummy text of the printing and typesetting industry. Lorem Ipsum has been the industry's standard dummy text ever since the 1500s, when an unknown printer took a galley of type and scrambled it to make a type specimen book. It has su",
        "prod_img": "item_pics/cycling-mach-1.jpeg",
        "product_price": 50.0,
        "product_quantity": 10,
        "timePeriod": 1
    }
},
{
    "model": "products.product",
    "pk": 20,
    "fields": {
        "prod_cat": 3,
        "prod_sub": 15,
        "product_name": "Cycling Machine Type 2",
        "product_desc": "Lorem Ipsum is simply dummy text of the printing and typesetting industry. Lorem Ipsum has been the industry's standard dummy text ever since the 1500s, when an unknown printer took a galley of type and scrambled it to make a type specimen book. It has su",
        "prod_img": "item_pics/cycling-mach-2.jpeg",
        "product_price": 80.5,
        "product_quantity": 10,
        "timePeriod": 1
    }
},
{
    "model": "products.product",
    "pk": 21,
    "fields": {
        "prod_cat": 3,
        "prod_sub": 13,
        "product_name": "Tredmil Type 1",
        "product_desc": "Lorem Ipsum is simply dummy text of the printing and typesetting industry. Lorem Ipsum has been the industry's standard dummy text ever since the 1500s, when an unknown printer took a galley of type and scrambled it to make a type specimen book. It has su",
        "prod_img": "item_pics/tredmil-type1.jpeg",
        "product_price": 110.0,
        "product_quantity": 10,
        "timePeriod": 1
    }
},
{
    "model": "products.product",
    "pk": 22,
    "fields": {
        "prod_cat": 3,
        "prod_sub": 13,
        "product_name": "Tredmil Type 2",
        "product_desc": "Lorem Ipsum is simply dummy text of the printing and typesetting industry. Lorem Ipsum has been the industry's standard dummy text ever since the 1500s, when an unknown printer took a galley of type and scrambled it to make a type specimen book. It has su",
        "prod_img": "item_pics/tredmil-type2.jpeg",
        "product_price": 150.0,
        "product_quantity": 10,
        "timePeriod": 1
    }
},
{
    "model": "products.product",
    "pk": 23,
    "fields": {
        "prod_cat": 3,
        "prod_sub": 18,
        "product_name": "Punching Bag Type 1",
        "product_desc": "Lorem Ipsum is simply dummy text of the printing and typesetting industry. Lorem Ipsum has been the industry's standard dummy text ever since the 1500s, when an unknown printer took a galley of type and scrambled it to make a type specimen book. It has su",
        "prod_img": "item_pics/punching-bag1.jpeg",
        "product_price": 50.5,
        "product_quantity": 10,
        "timePeriod": 1
    }
},
{
    "model": "products.product",
    "pk": 24,
    "fields": {
        "prod_cat": 3,
        "prod_sub": 18,
        "product_name": "Punching Bag Type 2",
        "product_desc": "Lorem Ipsum is simply dummy text of the printing and typesetting industry. Lorem Ipsum has been the industry's standard dummy text ever since the 1500s, when an unknown printer took a galley of type and scrambled it to make a type specimen book. It has su",
        "prod_img": "item_pics/punching-bag2.jpeg",
        "product_price": 60.0,
        "product_quantity": 10,
        "timePeriod": 1
    }
},
{
    "model": "products.product",
    "pk": 25,
    "fields": {
        "prod_cat": 3,
        "prod_sub": 20,
        "product_name": "Commando Machine Type 1",
        "product_desc": "Lorem Ipsum is simply dummy text of the printing and typesetting industry. Lorem Ipsum has been the industry's standard dummy text ever since the 1500s, when an unknown printer took a galley of type and scrambled it to make a type specimen book. It has su",
        "prod_img": "nothing.jpg",
        "product_price": 150.0,
        "product_quantity": 10,
        "timePeriod": 1
    }
},
{
    "model": "products.product",
    "pk": 26,
    "fields": {
        "prod_cat": 3,
        "prod_sub": 20,
        "product_name": "Commando Machine Type 2",
        "product_desc": "Lorem Ipsum is simply dummy text of the printing and typesetting industry. Lorem Ipsum has been the industry's standard dummy text ever since the 1500s, when an unknown printer took a galley of type and scrambled it to make a type specimen book. It has su",
        "prod_img": "item_pics/commando-2.jpeg",
        "product_price": 150.0,
        "product_quantity": 10,
        "timePeriod": 1
    }
},
{
    "model": "products.product",
    "pk": 27,
    "fields": {
        "prod_cat": 3,
        "prod_sub": 21,
        "product_name": "Butterfly Machine 1",
        "product_desc": "Lorem Ipsum is simply dummy text of the printing and typesetting industry. Lorem Ipsum has been the industry's standard dummy text ever since the 1500s, when an unknown printer took a galley of type and scrambled it to make a type specimen book. It has su",
        "prod_img": "item_pics/butterfly-1.jpeg",
        "product_price": 150.0,
        "product_quantity": 20,
        "timePeriod": 1
    }
},
{
    "model": "products.product",
    "pk": 28,
    "fields": {
        "prod_cat": 3,
        "prod_sub": 21,
        "product_name": "Butterfly Machine 2",
        "product_desc": "Lorem Ipsum is simply dummy text of the printing and typesetting industry. Lorem Ipsum has been the industry's standard dummy text ever since the 1500s, when an unknown printer took a galley of type and scrambled it to make a type specimen book. It has su",
        "prod_img": "item_pics/butterfly-2.jpg",
        "product_price": 150.0,
        "product_quantity": 10,
        "timePeriod": 1
    }
},
{
    "model": "products.product",
    "pk": 29,
    "fields": {
        "prod_cat": 4,
        "prod_sub": 24,
        "product_name": "Cabinet Type 1",
        "product_desc": "Lorem Ipsum is simply dummy text of the printing and typesetting industry. Lorem Ipsum has been the industry's standard dummy text ever since the 1500s, when an unknown printer took a galley of type and scrambled it to make a type specimen book. It has su",
        "prod_img": "item_pics/cabinet-1.jpeg",
        "product_price": 100.0,
        "product_quantity": 10,
        "timePeriod": 1
    }
},
{
    "model": "products.product",
    "pk": 30,
    "fields": {
        "prod_cat": 4,
        "prod_sub": 21,
        "product_name": "Cabinet Type 2",
        "product_desc": "Lorem Ipsum is simply dummy text of the printing and typesetting industry. Lorem Ipsum has been the industry's standard dummy text ever since the 1500s, when an unknown printer took a galley of type and scrambled it to make a type specimen book. It has su",
        "prod_img": "item_pics/cabinet-2.jpeg",
        "product_price": 100.0,
        "product_quantity": 10,
        "timePeriod": 1
    }
},
{
    "model": "products.product",
    "pk": 31,
    "fields": {
        "prod_cat": 4,
        "prod_sub": 25,
        "product_name": "Electric Stove Type 1",
        "product_desc": "Lorem Ipsum is simply dummy text of the printing and typesetting industry. Lorem Ipsum has been the industry's standard dummy text ever since the 1500s, when an unknown printer took a galley of type and scrambled it to make a type specimen book. It has su",
        "prod_img": "item_pics/electric-stove1.jpeg",
        "product_price": 70.0,
        "product_quantity": 10,
        "timePeriod": 1
    }
},
{
    "model": "products.product",
    "pk": 32,
    "fields": {
        "prod_cat": 4,
        "prod_sub": 25,
        "product_name": "Electric Stove Type 2",
        "product_desc": "Lorem Ipsum is simply dummy text of the printing and typesetting industry. Lorem Ipsum has been the industry's standard dummy text ever since the 1500s, when an unknown printer took a galley of type and scrambled it to make a type specimen book. It has su",
        "prod_img": "item_pics/electric-stove2.jpeg",
        "product_price": 70.0,
        "product_quantity": 10,
        "timePeriod": 1
    }
},
{
    "model": "products.product",
    "pk": 33,
    "fields": {
        "prod_cat": 4,
        "prod_sub": 25,
        "product_name": "Electric Stove Type 3",
        "product_desc": "Lorem Ipsum is simply dummy text of the printing and typesetting industry. Lorem Ipsum has been the industry's standard dummy text ever since the 1500s, when an unknown printer took a galley of type and scrambled it to make a type specimen book. It has su",
        "prod_img": "item_pics/electric-stove3.jpeg",
        "product_price": 80.0,
        "product_quantity": 10,
        "timePeriod": 1
    }
},
{
    "model": "products.cart",
    "pk": 89,
    "fields": {
        "order_id": "5db7d660-82f1-44a8-bf5f-0ddb91f5636b",
        "user": 6,
        "product_name": "Double Beds",
        "product_category": "Furniture",
        "product_subcategory": "Bed",
        "total_price": 35,
        "is_checkout": true,
        "quantity": 1
    }
},
{
    "model": "products.cart",
    "pk": 90,
    "fields": {
        "order_id": "5db7d660-82f1-44a8-bf5f-0ddb91f5636b",
        "user": 6,
        "product_name": "Double Story Bed",
        "product_category": "Furniture",
        "product_subcategory": "Bed",
        "total_price": 30,
        "is_checkout": true,
        "quantity": 1
    }
},
{
    "model": "products.order",
    "pk": 2,
    "fields": {
        "order_id": "5db7d660-82f1-44a8-bf5f-0ddb91f5636b",
        "user": 6,
        "address": "abc",
        "email": "steve@email.com",
        "ordered_at": "2021-11-21T11:25:40.483Z",
        "deliever_at": "2021-11-04",
        "total_amount": 65.0,
        "status": "Pending"
    }
}
]
